timestamp,symbol,price,quantity,is_buyer_maker
1778603760042,BTCUSDT,80255.3,0.002,False
1778603760157,BTCUSDT,80255.4,0.227,False
1778603760180,BTCUSDT,80255.5,0.003,False
1778603760180,BTCUSDT,80255.9,0.002,False
1778603760183,BTCUSDT,80256.0,0.001,False
1778603760183,BTCUSDT,80256.1,0.002,False
1778603760183,BTCUSDT,80256.4,0.002,False
1778603760183,BTCUSDT,80256.5,0.001,False
1778603760183,BTCUSDT,80257.0,0.003,False
1778603760184,BTCUSDT,80257.2,0.006,False
1778603760184,BTCUSDT,80257.3,0.001,False
1778603760184,BTCUSDT,80257.6,0.001,False
1778603760184,BTCUSDT,80257.9,0.001,False
1778603760189,BTCUSDT,80258.0,0.007,False
1778603760189,BTCUSDT,80258.3,0.001,False
1778603760189,BTCUSDT,80258.8,0.002,False
1778603760189,BTCUSDT,80259.0,0.004,False
1778603760189,BTCUSDT,80259.2,0.002,False
1778603760189,BTCUSDT,80259.6,0.002,False
1778603760189,BTCUSDT,80259.9,0.002,False
1778603760195,BTCUSDT,80260.0,0.47,False
1778603760197,BTCUSDT,80260.1,0.001,False
1778603760198,BTCUSDT,80260.2,0.001,False
1778603760198,BTCUSDT,80260.9,0.001,False
1778603760198,BTCUSDT,80261.0,0.001,False
1778603760198,BTCUSDT,80261.1,0.001,False
1778603760198,BTCUSDT,80261.5,0.001,False
1778603760198,BTCUSDT,80261.9,0.001,False
1778603760198,BTCUSDT,80262.0,0.002,False
1778603760198,BTCUSDT,80262.2,0.001,False
1778603760198,BTCUSDT,80262.3,0.001,False
1778603760240,BTCUSDT,80262.4,0.009,False
1778603760242,BTCUSDT,80262.7,0.001,False
1778603760242,BTCUSDT,80262.8,0.001,False
1778603760242,BTCUSDT,80262.9,0.003,False
1778603760242,BTCUSDT,80263.1,0.003,False
1778603760242,BTCUSDT,80263.6,0.001,False
1778603760242,BTCUSDT,80263.7,0.001,False
1778603760242,BTCUSDT,80263.8,0.001,False
1778603760470,BTCUSDT,80263.9,0.025,True
1778603760740,BTCUSDT,80264.0,0.008,False
1778603760741,BTCUSDT,80263.9,0.001,True
1778603760746,BTCUSDT,80264.0,0.009,False
1778603760881,BTCUSDT,80263.9,0.312,True
1778603761395,BTCUSDT,80263.9,0.001,True
1778603761674,BTCUSDT,80263.9,0.007,True
1778603761983,BTCUSDT,80264.0,0.012,False
1778603762134,BTCUSDT,80263.9,0.001,True
1778603762282,BTCUSDT,80264.0,0.004,False
1778603762589,BTCUSDT,80264.0,0.001,False
1778603762675,BTCUSDT,80263.9,0.997,True
1778603762675,BTCUSDT,80263.8,0.001,True
1778603762676,BTCUSDT,80263.7,0.001,True
1778603762676,BTCUSDT,80263.6,0.002,True
1778603762676,BTCUSDT,80263.2,0.08,True
1778603762679,BTCUSDT,80263.0,0.002,True
1778603762679,BTCUSDT,80262.8,0.001,True
1778603762679,BTCUSDT,80262.7,0.002,True
1778603762680,BTCUSDT,80262.5,0.001,False
1778603762693,BTCUSDT,80262.4,0.002,True
1778603762693,BTCUSDT,80262.2,0.002,True
1778603762693,BTCUSDT,80261.9,0.003,True
1778603762698,BTCUSDT,80261.3,0.002,True
1778603762698,BTCUSDT,80261.1,0.002,True
1778603762711,BTCUSDT,80260.8,0.047,True
1778603762713,BTCUSDT,80260.7,0.001,True
1778603762713,BTCUSDT,80260.6,0.001,True
1778603762713,BTCUSDT,80260.5,0.002,True
1778603762713,BTCUSDT,80260.4,0.001,True
1778603762713,BTCUSDT,80260.3,0.003,True
1778603762713,BTCUSDT,80260.0,0.005,True
1778603762713,BTCUSDT,80259.9,0.001,True
1778603762713,BTCUSDT,80259.5,0.001,True
1778603762713,BTCUSDT,80259.3,0.002,True
1778603762713,BTCUSDT,80258.8,0.001,True
1778603762713,BTCUSDT,80258.7,0.006,True
1778603762713,BTCUSDT,80258.5,0.001,True
1778603762713,BTCUSDT,80258.2,0.003,True
1778603762713,BTCUSDT,80258.1,0.001,True
1778603762713,BTCUSDT,80258.0,0.002,True
1778603762713,BTCUSDT,80257.9,0.002,True
1778603762713,BTCUSDT,80257.8,0.001,True
1778603762713,BTCUSDT,80257.5,0.002,True
1778603762718,BTCUSDT,80257.4,0.002,True
1778603762718,BTCUSDT,80257.1,0.007,True
1778603762718,BTCUSDT,80257.0,0.001,True
1778603762726,BTCUSDT,80256.9,0.038,True
1778603762913,BTCUSDT,80256.9,0.012,True
1778603763443,BTCUSDT,80257.0,0.073,False
1778603763446,BTCUSDT,80257.1,0.018,False
1778603763446,BTCUSDT,80257.3,0.002,False
1778603763446,BTCUSDT,80257.4,0.001,False
1778603763447,BTCUSDT,80257.8,0.001,True
1778603763451,BTCUSDT,80258.3,0.001,False
1778603763452,BTCUSDT,80258.9,0.001,True
1778603763453,BTCUSDT,80259.0,0.001,False
1778603763453,BTCUSDT,80259.2,0.001,False
1778603763453,BTCUSDT,80259.3,0.001,False
1778603763453,BTCUSDT,80259.7,0.001,False
1778603763454,BTCUSDT,80259.8,0.005,False
1778603763454,BTCUSDT,80260.0,0.002,False
1778603763461,BTCUSDT,80260.2,0.002,False
1778603763461,BTCUSDT,80260.4,0.01,False
1778603763461,BTCUSDT,80260.6,0.001,False
1778603763461,BTCUSDT,80260.7,0.001,False
1778603763461,BTCUSDT,80260.8,0.001,False
1778603763461,BTCUSDT,80261.3,0.002,False
1778603763474,BTCUSDT,80261.8,0.011,False
1778603763481,BTCUSDT,80261.9,0.005,False
1778603763481,BTCUSDT,80262.0,0.001,False
1778603763481,BTCUSDT,80262.1,0.001,False
1778603763481,BTCUSDT,80262.2,0.001,False
1778603763500,BTCUSDT,80262.6,0.001,False
1778603763500,BTCUSDT,80262.7,0.001,False
1778603763500,BTCUSDT,80263.2,0.001,False
1778603763500,BTCUSDT,80263.7,0.001,False
1778603763505,BTCUSDT,80264.0,0.002,False
1778603763506,BTCUSDT,80264.1,0.016,False
1778603763506,BTCUSDT,80264.2,0.001,False
1778603763509,BTCUSDT,80264.6,0.013,False
1778603763509,BTCUSDT,80264.7,0.001,False
1778603763509,BTCUSDT,80264.9,0.005,False
1778603763525,BTCUSDT,80265.0,0.003,False
1778603763525,BTCUSDT,80265.4,0.001,False
1778603763525,BTCUSDT,80265.5,0.001,False
1778603763525,BTCUSDT,80265.6,0.004,False
1778603763527,BTCUSDT,80266.0,0.001,False
1778603763527,BTCUSDT,80266.1,0.001,False
1778603763527,BTCUSDT,80266.2,0.003,False
1778603763528,BTCUSDT,80266.5,0.008,False
1778603763528,BTCUSDT,80266.7,0.001,False
1778603763528,BTCUSDT,80266.8,0.004,False
1778603763528,BTCUSDT,80267.0,0.001,False
1778603763528,BTCUSDT,80267.1,0.001,False
1778603763582,BTCUSDT,80267.3,0.019,False
1778603763582,BTCUSDT,80267.7,0.001,False
1778603763582,BTCUSDT,80267.8,0.008,False
1778603763582,BTCUSDT,80268.0,0.011,False
1778603763582,BTCUSDT,80268.2,0.002,False
1778603763582,BTCUSDT,80268.8,0.004,False
1778603763582,BTCUSDT,80268.9,0.03,False
1778603763582,BTCUSDT,80269.1,0.004,False
1778603763582,BTCUSDT,80269.2,0.001,False
1778603763944,BTCUSDT,80269.2,0.025,True
1778603764151,BTCUSDT,80269.3,0.249,False
1778603764352,BTCUSDT,80269.3,0.001,False
1778603764421,BTCUSDT,80269.2,0.003,True
1778603764481,BTCUSDT,80269.3,0.006,False
1778603764994,BTCUSDT,80269.2,0.006,True
1778603765261,BTCUSDT,80269.2,0.001,True
1778603765446,BTCUSDT,80269.3,0.007,False
1778603765709,BTCUSDT,80269.3,0.003,False
1778603765841,BTCUSDT,80269.2,9.305,True
1778603765841,BTCUSDT,80269.1,0.004,True
1778603765841,BTCUSDT,80269.0,0.05,True
1778603765841,BTCUSDT,80268.9,0.002,True
1778603765841,BTCUSDT,80268.8,0.001,True
1778603765842,BTCUSDT,80268.0,0.004,True
1778603765842,BTCUSDT,80267.9,0.597,True
1778603765842,BTCUSDT,80267.3,0.001,True
1778603765842,BTCUSDT,80267.2,0.002,True
1778603765842,BTCUSDT,80267.1,0.001,True
1778603765844,BTCUSDT,80266.6,0.001,True
1778603765844,BTCUSDT,80266.4,0.004,True
1778603765844,BTCUSDT,80266.3,0.001,True
1778603765844,BTCUSDT,80266.0,0.002,True
1778603765855,BTCUSDT,80265.8,0.002,True
1778603765867,BTCUSDT,80265.5,0.003,True
1778603765867,BTCUSDT,80265.2,0.001,True
1778603765867,BTCUSDT,80265.1,0.002,True
1778603765867,BTCUSDT,80264.5,0.001,True
1778603765867,BTCUSDT,80264.4,0.001,True
1778603765877,BTCUSDT,80264.0,0.001,True
1778603765881,BTCUSDT,80263.5,0.006,True
1778603765890,BTCUSDT,80263.3,0.001,False
1778603765989,BTCUSDT,80263.2,0.002,True
1778603766034,BTCUSDT,80263.3,0.001,False
1778603766385,BTCUSDT,80263.2,0.002,True
1778603766881,BTCUSDT,80263.2,0.224,True
1778603767528,BTCUSDT,80263.2,0.007,True
1778603767535,BTCUSDT,80263.3,0.002,False
1778603768080,BTCUSDT,80263.2,0.062,True
1778603768080,BTCUSDT,80263.1,0.001,True
1778603768080,BTCUSDT,80263.0,0.002,True
1778603768080,BTCUSDT,80262.9,0.005,True
1778603768084,BTCUSDT,80262.7,0.001,True
1778603768084,BTCUSDT,80262.1,0.001,True
1778603768084,BTCUSDT,80262.0,0.001,True
1778603768084,BTCUSDT,80261.9,0.002,True
1778603768084,BTCUSDT,80261.7,0.001,True
1778603768084,BTCUSDT,80261.6,0.002,True
1778603768084,BTCUSDT,80261.4,0.001,True
1778603768088,BTCUSDT,80261.3,0.051,True
1778603768088,BTCUSDT,80261.1,0.002,True
1778603768088,BTCUSDT,80261.0,0.001,True
1778603768088,BTCUSDT,80260.6,0.001,True
1778603768088,BTCUSDT,80260.3,0.003,True
1778603768088,BTCUSDT,80260.1,0.003,True
1778603768091,BTCUSDT,80260.0,0.059,True
1778603768102,BTCUSDT,80259.9,0.003,True
1778603768102,BTCUSDT,80259.8,0.001,True
1778603768102,BTCUSDT,80259.7,0.002,True
1778603768102,BTCUSDT,80259.3,0.001,True
1778603768102,BTCUSDT,80259.2,0.001,True
1778603768102,BTCUSDT,80259.0,0.003,True
1778603768102,BTCUSDT,80258.9,0.003,True
1778603768102,BTCUSDT,80258.4,0.001,True
1778603768102,BTCUSDT,80258.1,0.001,True
1778603768106,BTCUSDT,80258.0,0.017,True
1778603768492,BTCUSDT,80258.1,0.056,False
1778603768647,BTCUSDT,80258.0,0.001,True
1778603768754,BTCUSDT,80258.1,0.007,False
1778603768867,BTCUSDT,80258.0,0.2,True
1778603768986,BTCUSDT,80258.1,8.599,False
1778603768988,BTCUSDT,80258.2,0.014,False
1778603768988,BTCUSDT,80258.3,0.002,False
1778603768988,BTCUSDT,80258.5,0.001,False
1778603768988,BTCUSDT,80258.7,0.25,False
1778603768988,BTCUSDT,80259.0,0.001,False
1778603768988,BTCUSDT,80259.5,0.001,False
1778603768988,BTCUSDT,80259.7,0.003,False
1778603768988,BTCUSDT,80259.9,0.002,False
1778603768988,BTCUSDT,80260.0,0.004,False
1778603768988,BTCUSDT,80260.1,0.039,False
1778603768988,BTCUSDT,80260.2,0.001,False
1778603768988,BTCUSDT,80260.4,0.025,False
1778603768990,BTCUSDT,80260.6,0.121,False
1778603768990,BTCUSDT,80260.9,0.001,False
1778603768990,BTCUSDT,80261.2,0.002,False
1778603768990,BTCUSDT,80261.3,0.001,False
1778603768990,BTCUSDT,80261.4,0.002,False
1778603768990,BTCUSDT,80261.5,0.001,False
1778603768990,BTCUSDT,80261.7,0.002,False
1778603768990,BTCUSDT,80261.8,0.001,False
1778603768990,BTCUSDT,80261.9,0.001,False
1778603768990,BTCUSDT,80262.1,0.098,False
1778603768990,BTCUSDT,80262.3,0.002,False
1778603768990,BTCUSDT,80262.4,0.08,False
1778603768990,BTCUSDT,80262.5,0.001,False
1778603768990,BTCUSDT,80262.6,0.104,False
1778603768990,BTCUSDT,80262.7,0.033,False
1778603768990,BTCUSDT,80262.8,0.038,False
1778603768990,BTCUSDT,80262.9,0.119,False
1778603768990,BTCUSDT,80263.0,0.079,False
1778603768990,BTCUSDT,80263.1,0.002,False
1778603768990,BTCUSDT,80263.2,0.031,False
1778603768990,BTCUSDT,80263.3,0.012,False
1778603768991,BTCUSDT,80263.4,0.001,False
1778603768991,BTCUSDT,80263.6,0.035,False
1778603768991,BTCUSDT,80263.7,0.001,False
1778603768991,BTCUSDT,80263.8,0.003,False
1778603768991,BTCUSDT,80263.9,0.001,False
1778603768991,BTCUSDT,80264.0,0.096,False
1778603768991,BTCUSDT,80264.1,0.001,False
1778603768991,BTCUSDT,80264.2,0.002,False
1778603768991,BTCUSDT,80264.3,0.001,False
1778603768991,BTCUSDT,80264.4,0.251,False
1778603768991,BTCUSDT,80264.5,0.002,False
1778603768991,BTCUSDT,80264.6,0.028,False
1778603768991,BTCUSDT,80264.8,0.002,False
1778603768991,BTCUSDT,80264.9,0.001,False
1778603768997,BTCUSDT,80265.0,0.001,False
1778603769005,BTCUSDT,80264.4,0.022,False
1778603769010,BTCUSDT,80264.3,0.002,True
1778603769084,BTCUSDT,80264.4,2.823,False
1778603769084,BTCUSDT,80264.5,0.002,False
1778603769085,BTCUSDT,80264.9,0.002,False
1778603769088,BTCUSDT,80265.0,0.023,False
1778603769100,BTCUSDT,80265.3,0.002,False
1778603769100,BTCUSDT,80265.4,0.001,False
1778603769100,BTCUSDT,80266.0,0.002,False
1778603769100,BTCUSDT,80266.3,0.002,False
1778603769100,BTCUSDT,80267.2,0.007,False
1778603769102,BTCUSDT,80267.3,0.005,False
1778603769102,BTCUSDT,80267.5,0.002,False
1778603769102,BTCUSDT,80267.6,0.003,False
1778603769102,BTCUSDT,80267.9,0.002,False
1778603769102,BTCUSDT,80268.0,0.002,False
1778603769102,BTCUSDT,80268.1,0.001,False
1778603769106,BTCUSDT,80268.4,0.075,False
1778603769217,BTCUSDT,80268.3,0.053,True
1778603769241,BTCUSDT,80268.4,0.03,False
1778603769365,BTCUSDT,80268.4,0.01,False
1778603769480,BTCUSDT,80268.4,0.114,False
1778603770017,BTCUSDT,80268.3,0.012,True
1778603770388,BTCUSDT,80268.3,0.01,True
1778603770765,BTCUSDT,80268.3,0.004,True
1778603770985,BTCUSDT,80268.3,0.004,True
1778603771390,BTCUSDT,80268.3,0.1,True
1778603771441,BTCUSDT,80268.4,0.001,False
1778603772334,BTCUSDT,80268.3,0.332,True
1778603772704,BTCUSDT,80268.4,0.041,False
1778603772930,BTCUSDT,80268.3,0.008,True
1778603774343,BTCUSDT,80268.4,0.001,False
1778603774361,BTCUSDT,80268.3,0.01,True
1778603774470,BTCUSDT,80268.4,0.001,False
1778603774595,BTCUSDT,80268.3,0.004,True
1778603774627,BTCUSDT,80268.4,0.026,False
1778603774863,BTCUSDT,80268.4,0.297,False
1778603774891,BTCUSDT,80268.5,0.009,False
1778603774891,BTCUSDT,80268.6,0.001,False
1778603774891,BTCUSDT,80268.7,0.002,False
1778603774891,BTCUSDT,80268.8,0.002,False
1778603774898,BTCUSDT,80269.3,0.058,False
1778603774906,BTCUSDT,80269.4,0.002,False
1778603774906,BTCUSDT,80269.5,0.001,False
1778603774906,BTCUSDT,80269.6,0.001,False
1778603774907,BTCUSDT,80269.9,0.002,False
1778603774908,BTCUSDT,80270.0,0.002,False
1778603774908,BTCUSDT,80270.1,0.001,False
1778603774908,BTCUSDT,80270.2,0.008,False
1778603775003,BTCUSDT,80270.2,0.001,True
1778603775272,BTCUSDT,80270.3,0.004,False
1778603775488,BTCUSDT,80270.3,0.074,False
1778603775488,BTCUSDT,80270.4,0.006,False
1778603775488,BTCUSDT,80270.5,0.004,False
1778603775488,BTCUSDT,80270.6,0.002,False
1778603775488,BTCUSDT,80270.7,0.001,False
1778603775488,BTCUSDT,80270.8,0.001,False
1778603775488,BTCUSDT,80270.9,0.014,False
1778603775488,BTCUSDT,80271.0,0.011,False
1778603775488,BTCUSDT,80271.2,0.004,False
1778603775488,BTCUSDT,80271.5,0.002,False
1778603775488,BTCUSDT,80271.6,0.001,False
1778603775488,BTCUSDT,80272.0,0.007,False
1778603775488,BTCUSDT,80272.1,0.005,False
1778603775488,BTCUSDT,80272.3,0.003,False
1778603775488,BTCUSDT,80272.4,0.011,False
1778603775488,BTCUSDT,80272.5,0.001,False
1778603775488,BTCUSDT,80272.6,0.005,False
1778603775488,BTCUSDT,80272.8,0.001,False
1778603775488,BTCUSDT,80273.0,0.003,False
1778603775488,BTCUSDT,80273.2,0.036,False
1778603775488,BTCUSDT,80273.5,0.001,False
1778603775488,BTCUSDT,80273.6,0.001,False
1778603775495,BTCUSDT,80273.8,0.002,False
1778603775495,BTCUSDT,80273.9,0.002,False
1778603775495,BTCUSDT,80274.0,0.001,False
1778603775495,BTCUSDT,80274.2,0.002,False
1778603775505,BTCUSDT,80274.3,0.1,False
1778603775505,BTCUSDT,80274.5,0.001,False
1778603775505,BTCUSDT,80274.7,0.001,False
1778603775505,BTCUSDT,80274.9,0.006,False
1778603775519,BTCUSDT,80275.0,0.016,False
1778603775529,BTCUSDT,80275.3,0.006,False
1778603775529,BTCUSDT,80275.4,0.001,False
1778603775529,BTCUSDT,80275.7,0.001,False
1778603775534,BTCUSDT,80276.0,0.011,False
1778603775534,BTCUSDT,80276.1,0.002,False
1778603775534,BTCUSDT,80276.4,0.003,False
1778603775534,BTCUSDT,80276.6,0.001,False
1778603775534,BTCUSDT,80276.8,0.006,False
1778603775534,BTCUSDT,80276.9,0.001,False
1778603775534,BTCUSDT,80277.0,0.001,False
1778603775724,BTCUSDT,80277.3,0.001,False
1778603775724,BTCUSDT,80277.5,0.003,False
1778603775724,BTCUSDT,80277.8,0.001,False
1778603775724,BTCUSDT,80277.9,0.001,False
1778603775726,BTCUSDT,80278.0,0.012,False
1778603775726,BTCUSDT,80278.1,0.001,False
1778603775726,BTCUSDT,80278.6,0.002,False
1778603775726,BTCUSDT,80279.0,0.001,False
1778603775726,BTCUSDT,80279.4,0.001,False
1778603775805,BTCUSDT,80279.5,0.025,True
1778603776048,BTCUSDT,80279.6,0.043,False
1778603776398,BTCUSDT,80279.5,0.022,True
1778603776770,BTCUSDT,80279.5,0.041,True
1778603777118,BTCUSDT,80279.6,0.005,False
1778603777140,BTCUSDT,80279.5,0.001,True
1778603777386,BTCUSDT,80279.5,0.005,True
1778603777525,BTCUSDT,80279.6,0.186,False
1778603778134,BTCUSDT,80279.6,0.002,False
1778603779008,BTCUSDT,80279.5,0.001,True
1778603779228,BTCUSDT,80279.5,0.172,True
1778603779699,BTCUSDT,80279.6,0.005,False
1778603779816,BTCUSDT,80279.6,0.901,False
1778603779916,BTCUSDT,80279.5,0.004,True
1778603780142,BTCUSDT,80279.6,0.011,False
1778603780394,BTCUSDT,80279.5,0.001,True
1778603781630,BTCUSDT,80279.6,0.043,False
1778603781806,BTCUSDT,80279.6,0.002,False
1778603782139,BTCUSDT,80279.6,0.149,False
1778603782139,BTCUSDT,80279.7,0.008,False
1778603782139,BTCUSDT,80279.8,0.002,False
1778603782139,BTCUSDT,80279.9,0.002,False
1778603782139,BTCUSDT,80280.0,0.012,False
1778603782298,BTCUSDT,80280.1,1.031,False
1778603782360,BTCUSDT,80280.2,0.008,False
1778603782360,BTCUSDT,80280.3,0.003,False
1778603782360,BTCUSDT,80280.4,0.012,False
1778603782360,BTCUSDT,80280.7,0.002,False
1778603782360,BTCUSDT,80281.0,0.002,False
1778603782369,BTCUSDT,80281.2,0.003,False
1778603782369,BTCUSDT,80281.5,0.001,False
1778603782369,BTCUSDT,80281.6,0.015,False
1778603782369,BTCUSDT,80281.7,0.001,False
1778603782372,BTCUSDT,80282.0,0.019,False
1778603782834,BTCUSDT,80282.0,0.002,False
1778603782973,BTCUSDT,80281.9,0.002,True
1778603783249,BTCUSDT,80282.0,0.006,False
1778603784899,BTCUSDT,80282.0,0.002,False
1778603785362,BTCUSDT,80281.9,0.035,True
1778603785552,BTCUSDT,80282.0,0.019,False
1778603785942,BTCUSDT,80282.0,0.069,False
1778603786298,BTCUSDT,80282.0,0.003,False
1778603786483,BTCUSDT,80282.0,0.124,False
1778603786903,BTCUSDT,80282.0,0.013,False
1778603787309,BTCUSDT,80282.0,0.001,False
1778603787703,BTCUSDT,80281.9,0.004,True
1778603787820,BTCUSDT,80282.0,0.001,False
1778603787984,BTCUSDT,80282.0,0.001,False
1778603788610,BTCUSDT,80282.0,0.002,False
1778603788626,BTCUSDT,80281.9,0.003,True
1778603788989,BTCUSDT,80281.9,0.031,True
1778603789133,BTCUSDT,80282.0,0.006,False
1778603789324,BTCUSDT,80282.0,0.001,False
1778603790185,BTCUSDT,80282.0,0.07,False
1778603790466,BTCUSDT,80282.0,0.002,False
1778603790679,BTCUSDT,80282.0,0.036,False
1778603790980,BTCUSDT,80282.0,0.035,False
1778603791665,BTCUSDT,80282.0,0.123,False
1778603791850,BTCUSDT,80281.9,0.833,True
1778603792000,BTCUSDT,80281.9,0.052,True
1778603792000,BTCUSDT,80281.8,0.001,True
1778603792000,BTCUSDT,80281.7,0.002,True
1778603792000,BTCUSDT,80281.6,0.002,True
1778603792000,BTCUSDT,80281.0,0.001,True
1778603792124,BTCUSDT,80280.9,0.001,False
1778603792236,BTCUSDT,80280.9,0.058,False
1778603792381,BTCUSDT,80280.9,0.037,False
1778603792579,BTCUSDT,80280.9,0.683,False
1778603792800,BTCUSDT,80280.9,0.02,False
1778603792803,BTCUSDT,80280.8,0.007,True
1778603793006,BTCUSDT,80280.8,0.019,True
1778603793008,BTCUSDT,80280.7,0.025,True
1778603793010,BTCUSDT,80280.6,0.023,True
1778603793119,BTCUSDT,80280.6,0.025,True
1778603793119,BTCUSDT,80280.5,0.007,True
1778603793119,BTCUSDT,80280.4,0.001,True
1778603793119,BTCUSDT,80280.1,0.002,True
1778603793152,BTCUSDT,80280.0,0.017,True
1778603793164,BTCUSDT,80279.6,0.002,True
1778603793530,BTCUSDT,80279.6,0.005,False
1778603793996,BTCUSDT,80279.5,0.003,True
1778603794176,BTCUSDT,80279.5,0.021,True
1778603794428,BTCUSDT,80279.6,0.182,False
1778603794531,BTCUSDT,80279.6,0.008,False
1778603794987,BTCUSDT,80279.5,0.002,True
1778603795095,BTCUSDT,80279.5,0.002,True
1778603795315,BTCUSDT,80279.6,0.1,False
1778603795682,BTCUSDT,80279.5,0.504,True
1778603795682,BTCUSDT,80279.4,0.001,True
1778603795682,BTCUSDT,80279.2,0.002,True
1778603795682,BTCUSDT,80278.6,0.001,True
1778603795682,BTCUSDT,80278.5,0.001,True
1778603795682,BTCUSDT,80278.3,0.044,True
1778603795683,BTCUSDT,80277.7,0.001,True
1778603795683,BTCUSDT,80277.6,0.062,True
1778603795683,BTCUSDT,80277.5,0.001,True
1778603795683,BTCUSDT,80277.4,0.001,True
1778603795683,BTCUSDT,80277.1,0.001,True
1778603795683,BTCUSDT,80277.0,0.004,True
1778603795698,BTCUSDT,80276.8,0.003,True
1778603795698,BTCUSDT,80276.7,0.007,True
1778603795698,BTCUSDT,80276.6,0.001,True
1778603795698,BTCUSDT,80276.5,0.002,True
1778603795698,BTCUSDT,80276.2,0.002,True
1778603795698,BTCUSDT,80276.0,0.002,True
1778603795698,BTCUSDT,80275.9,0.004,True
1778603795700,BTCUSDT,80275.7,0.002,True
1778603795700,BTCUSDT,80275.6,0.001,True
1778603795700,BTCUSDT,80275.5,0.002,True
1778603795700,BTCUSDT,80275.2,0.002,True
1778603795701,BTCUSDT,80275.1,0.003,True
1778603795701,BTCUSDT,80275.0,0.002,True
1778603795701,BTCUSDT,80274.9,0.016,True
1778603795711,BTCUSDT,80274.8,0.002,True
1778603795711,BTCUSDT,80274.7,0.002,True
1778603795711,BTCUSDT,80274.6,0.006,True
1778603795711,BTCUSDT,80274.4,0.001,True
1778603795711,BTCUSDT,80274.3,0.003,True
1778603795711,BTCUSDT,80274.2,0.001,True
1778603795958,BTCUSDT,80274.0,0.04,True
1778603796035,BTCUSDT,80273.9,0.002,True
1778603796035,BTCUSDT,80273.6,0.001,True
1778603796038,BTCUSDT,80273.5,0.033,True
1778603796038,BTCUSDT,80273.3,0.001,True
1778603796038,BTCUSDT,80273.2,0.002,True
1778603796040,BTCUSDT,80272.0,0.045,True
1778603796226,BTCUSDT,80272.0,0.002,True
1778603796226,BTCUSDT,80271.9,0.004,True
1778603796226,BTCUSDT,80271.6,0.001,True
1778603796226,BTCUSDT,80271.5,0.003,True
1778603796226,BTCUSDT,80271.4,0.002,True
1778603796226,BTCUSDT,80271.0,0.003,True
1778603796226,BTCUSDT,80270.6,0.001,True
1778603796226,BTCUSDT,80270.5,0.001,True
1778603796226,BTCUSDT,80270.2,0.007,True
1778603796226,BTCUSDT,80270.0,0.003,True
1778603796226,BTCUSDT,80269.9,0.002,True
1778603796226,BTCUSDT,80269.8,0.002,True
1778603796226,BTCUSDT,80269.7,0.001,True
1778603796226,BTCUSDT,80269.6,0.002,True
1778603796226,BTCUSDT,80269.5,0.001,True
1778603796226,BTCUSDT,80268.9,0.001,True
1778603796377,BTCUSDT,80268.9,0.021,False
1778603796484,BTCUSDT,80268.9,0.001,False
1778603796568,BTCUSDT,80268.8,0.034,True
1778603796774,BTCUSDT,80268.9,0.128,False
1778603796910,BTCUSDT,80268.9,0.026,False
1778603797126,BTCUSDT,80268.8,0.01,True
1778603797126,BTCUSDT,80268.7,0.001,True
1778603797126,BTCUSDT,80268.6,0.002,True
1778603797290,BTCUSDT,80268.5,0.011,False
1778603797789,BTCUSDT,80268.5,0.012,False
1778603798076,BTCUSDT,80268.4,0.259,True
1778603798238,BTCUSDT,80268.4,0.204,True
1778603798450,BTCUSDT,80268.4,0.151,True
1778603799118,BTCUSDT,80268.5,0.01,False
1778603799132,BTCUSDT,80268.4,0.023,True
1778603799132,BTCUSDT,80268.3,0.018,True
1778603799132,BTCUSDT,80268.1,0.001,True
1778603799132,BTCUSDT,80268.0,0.002,True
1778603799132,BTCUSDT,80267.9,0.003,True
1778603799132,BTCUSDT,80267.8,0.003,True
1778603799132,BTCUSDT,80267.6,0.002,True
1778603799134,BTCUSDT,80267.0,0.033,True
1778603799150,BTCUSDT,80267.1,0.195,False
1778603799286,BTCUSDT,80267.1,0.035,False
1778603799649,BTCUSDT,80267.0,0.001,True
1778603800344,BTCUSDT,80267.0,0.102,True
1778603800491,BTCUSDT,80267.0,0.344,True
1778603800757,BTCUSDT,80267.0,0.005,True
1778603800936,BTCUSDT,80267.0,0.002,True
1778603801288,BTCUSDT,80267.0,0.001,True
1778603801614,BTCUSDT,80267.1,0.005,False
1778603802013,BTCUSDT,80267.1,0.015,False
1778603802133,BTCUSDT,80267.1,0.011,False
1778603802236,BTCUSDT,80267.1,0.015,False
1778603802485,BTCUSDT,80267.0,0.002,True
1778603802586,BTCUSDT,80267.1,0.249,False
1778603802723,BTCUSDT,80267.1,0.033,False
1778603803081,BTCUSDT,80267.0,0.005,True
1778603803273,BTCUSDT,80267.1,0.001,False
1778603803941,BTCUSDT,80267.1,0.308,False
1778603803941,BTCUSDT,80267.2,0.007,False
1778603803941,BTCUSDT,80267.4,0.002,False
1778603803941,BTCUSDT,80267.5,0.001,False
1778603803941,BTCUSDT,80268.0,0.001,False
1778603803941,BTCUSDT,80268.4,0.001,False
1778603803941,BTCUSDT,80268.5,0.002,False
1778603803941,BTCUSDT,80268.6,0.003,False
1778603803941,BTCUSDT,80268.9,0.002,False
1778603803941,BTCUSDT,80269.1,0.001,False
1778603803941,BTCUSDT,80269.3,0.001,False
1778603803941,BTCUSDT,80269.9,0.002,False
1778603803941,BTCUSDT,80270.0,0.001,False
1778603803941,BTCUSDT,80270.4,0.003,False
1778603803941,BTCUSDT,80270.5,0.193,False
1778603803943,BTCUSDT,80270.6,0.001,False
1778603803943,BTCUSDT,80270.9,0.001,False
1778603803947,BTCUSDT,80271.5,0.002,False
1778603803947,BTCUSDT,80271.6,0.006,False
1778603803947,BTCUSDT,80271.7,0.002,False
1778603803947,BTCUSDT,80272.0,0.002,False
1778603803962,BTCUSDT,80272.1,0.145,False
1778603803962,BTCUSDT,80272.5,0.002,False
1778603803962,BTCUSDT,80272.6,0.003,False
1778603803962,BTCUSDT,80272.8,0.001,False
1778603803962,BTCUSDT,80273.0,0.001,False
1778603803962,BTCUSDT,80273.3,0.001,False
1778603803962,BTCUSDT,80273.4,0.002,False
1778603803962,BTCUSDT,80274.0,0.002,False
1778603803962,BTCUSDT,80274.1,0.151,False
1778603803962,BTCUSDT,80274.2,0.002,False
1778603803962,BTCUSDT,80274.4,0.001,False
1778603803962,BTCUSDT,80274.5,0.019,False
1778603803962,BTCUSDT,80274.6,0.003,False
1778603803962,BTCUSDT,80274.9,0.001,False
1778603803962,BTCUSDT,80275.0,0.002,False
1778603803962,BTCUSDT,80275.1,0.001,False
1778603803962,BTCUSDT,80275.2,0.002,False
1778603803962,BTCUSDT,80275.3,0.002,False
1778603803962,BTCUSDT,80275.5,0.002,False
1778603803962,BTCUSDT,80275.7,0.126,False
1778603803962,BTCUSDT,80275.8,0.001,False
1778603803962,BTCUSDT,80275.9,0.001,False
1778603803962,BTCUSDT,80276.0,0.002,False
1778603803962,BTCUSDT,80276.1,0.001,False
1778603803962,BTCUSDT,80276.2,0.002,False
1778603803962,BTCUSDT,80276.5,0.001,False
1778603803962,BTCUSDT,80276.6,0.001,False
1778603803962,BTCUSDT,80276.7,0.04,False
1778603803962,BTCUSDT,80276.8,0.107,False
1778603803962,BTCUSDT,80276.9,0.056,False
1778603803962,BTCUSDT,80277.0,0.125,False
1778603803962,BTCUSDT,80277.1,0.001,False
1778603803962,BTCUSDT,80277.3,0.002,False
1778603803962,BTCUSDT,80277.4,0.016,False
1778603803962,BTCUSDT,80277.5,0.003,False
1778603803962,BTCUSDT,80277.6,0.049,False
1778603803962,BTCUSDT,80277.7,0.001,False
1778603803962,BTCUSDT,80277.8,0.019,False
1778603803962,BTCUSDT,80278.0,0.005,False
1778603803962,BTCUSDT,80278.1,0.001,False
1778603803962,BTCUSDT,80278.2,0.034,False
1778603803962,BTCUSDT,80278.3,0.051,False
1778603803962,BTCUSDT,80278.4,0.001,False
1778603803962,BTCUSDT,80278.5,0.055,False
1778603803962,BTCUSDT,80278.6,0.085,False
1778603803962,BTCUSDT,80278.7,0.075,False
1778603803962,BTCUSDT,80278.8,0.001,False
1778603803962,BTCUSDT,80278.9,0.028,False
1778603803962,BTCUSDT,80279.0,0.033,False
1778603803962,BTCUSDT,80279.1,0.051,False
1778603803962,BTCUSDT,80279.2,0.501,False
1778603803962,BTCUSDT,80279.3,0.003,False
1778603803962,BTCUSDT,80279.4,0.021,False
1778603803962,BTCUSDT,80279.5,0.135,False
1778603803962,BTCUSDT,80279.6,0.005,False
1778603803962,BTCUSDT,80279.7,0.062,False
1778603803962,BTCUSDT,80279.8,0.232,False
1778603803962,BTCUSDT,80279.9,0.273,False
1778603803962,BTCUSDT,80280.0,0.007,False
1778603803962,BTCUSDT,80280.1,0.001,False
1778603803962,BTCUSDT,80280.2,0.001,False
1778603803962,BTCUSDT,80280.3,0.101,False
1778603803962,BTCUSDT,80280.4,0.013,False
1778603803962,BTCUSDT,80280.5,0.001,False
1778603803962,BTCUSDT,80280.6,0.024,False
1778603803962,BTCUSDT,80280.7,0.001,False
1778603803962,BTCUSDT,80280.9,0.064,False
1778603803962,BTCUSDT,80281.0,0.012,False
1778603803962,BTCUSDT,80281.1,0.181,False
1778603803962,BTCUSDT,80281.2,0.003,False
1778603803962,BTCUSDT,80281.3,0.125,False
1778603803962,BTCUSDT,80281.4,0.001,False
1778603803962,BTCUSDT,80281.5,0.004,False
1778603803962,BTCUSDT,80281.6,0.004,False
1778603803962,BTCUSDT,80281.7,0.063,False
1778603803962,BTCUSDT,80281.8,0.027,False
1778603803969,BTCUSDT,80281.9,0.002,False
1778603803969,BTCUSDT,80281.8,0.002,True
1778603803970,BTCUSDT,80281.9,0.003,False
1778603803971,BTCUSDT,80281.8,0.001,True
1778603804122,BTCUSDT,80281.8,0.003,True
1778603804562,BTCUSDT,80281.9,0.001,False
1778603805121,BTCUSDT,80281.8,0.196,True
1778603805482,BTCUSDT,80281.8,0.259,True
1778603805744,BTCUSDT,80281.9,0.149,False
1778603805791,BTCUSDT,80282.0,0.18,False
1778603805791,BTCUSDT,80282.1,0.012,False
1778603805791,BTCUSDT,80282.3,0.008,False
1778603805795,BTCUSDT,80282.4,0.066,False
1778603805795,BTCUSDT,80282.5,0.001,False
1778603805795,BTCUSDT,80282.7,0.001,False
1778603805795,BTCUSDT,80282.8,0.002,False
1778603805795,BTCUSDT,80283.0,0.002,False
1778603805795,BTCUSDT,80283.1,0.001,False
1778603805795,BTCUSDT,80283.3,0.006,False
1778603805795,BTCUSDT,80283.4,0.001,False
1778603805795,BTCUSDT,80283.6,0.006,False
1778603805797,BTCUSDT,80283.7,0.012,False
1778603805798,BTCUSDT,80283.9,0.007,False
1778603805798,BTCUSDT,80284.0,0.014,False
1778603805798,BTCUSDT,80284.4,0.001,False
1778603805798,BTCUSDT,80284.5,0.001,False
1778603805798,BTCUSDT,80284.7,0.01,False
1778603805798,BTCUSDT,80284.8,0.011,False
1778603805798,BTCUSDT,80284.9,0.001,False
1778603805798,BTCUSDT,80285.0,0.004,False
1778603805798,BTCUSDT,80285.4,0.001,False
1778603805802,BTCUSDT,80285.6,0.07,False
1778603805802,BTCUSDT,80285.7,0.002,False
1778603805802,BTCUSDT,80285.8,0.008,False
1778603805802,BTCUSDT,80285.9,0.001,False
1778603805802,BTCUSDT,80286.0,0.002,False
1778603805804,BTCUSDT,80286.3,0.002,False
1778603805804,BTCUSDT,80286.4,0.01,False
1778603805807,BTCUSDT,80286.5,0.009,False
1778603805812,BTCUSDT,80287.2,0.18,False
1778603805815,BTCUSDT,80287.3,0.001,False
1778603805815,BTCUSDT,80287.6,0.002,False
1778603805815,BTCUSDT,80287.8,0.001,False
1778603805815,BTCUSDT,80287.9,0.032,False
1778603805897,BTCUSDT,80287.9,0.025,True
1778603805928,BTCUSDT,80288.0,0.014,False
1778603805928,BTCUSDT,80288.2,0.001,False
1778603805928,BTCUSDT,80288.3,0.002,False
1778603805928,BTCUSDT,80288.5,0.001,False
1778603805928,BTCUSDT,80288.8,0.001,False
1778603805928,BTCUSDT,80288.9,0.009,False
1778603805928,BTCUSDT,80289.2,0.001,False
1778603805928,BTCUSDT,80289.3,0.001,False
1778603805928,BTCUSDT,80289.4,0.002,False
1778603805928,BTCUSDT,80289.6,0.011,False
1778603805928,BTCUSDT,80289.7,0.001,False
1778603805928,BTCUSDT,80289.9,0.001,False
1778603806014,BTCUSDT,80290.0,0.048,False
1778603806215,BTCUSDT,80290.0,0.001,False
1778603806473,BTCUSDT,80289.9,1.245,True
1778603806822,BTCUSDT,80290.0,0.05,False
1778603806972,BTCUSDT,80290.0,0.072,False
1778603808515,BTCUSDT,80290.0,0.301,False
1778603809332,BTCUSDT,80289.9,0.079,True
1778603809480,BTCUSDT,80290.0,0.011,False
1778603809592,BTCUSDT,80290.0,0.331,False
1778603809928,BTCUSDT,80289.9,0.002,True
1778603810104,BTCUSDT,80289.9,0.528,True
1778603810270,BTCUSDT,80289.9,0.007,True
1778603810555,BTCUSDT,80290.0,0.494,False
1778603810609,BTCUSDT,80290.1,0.016,False
1778603810616,BTCUSDT,80290.2,0.728,False
1778603810913,BTCUSDT,80290.1,0.002,True
1778603811539,BTCUSDT,80290.1,0.001,True
1778603811934,BTCUSDT,80290.2,0.001,False
1778603812299,BTCUSDT,80290.2,0.014,False
1778603812404,BTCUSDT,80290.1,0.002,True
1778603812906,BTCUSDT,80290.1,0.039,True
1778603812929,BTCUSDT,80290.2,0.601,False
1778603812929,BTCUSDT,80290.3,0.001,False
1778603812932,BTCUSDT,80290.6,0.002,False
1778603812941,BTCUSDT,80290.7,0.084,False
1778603812941,BTCUSDT,80290.8,0.001,False
1778603812941,BTCUSDT,80290.9,0.012,False
1778603812941,BTCUSDT,80291.0,0.005,False
1778603812941,BTCUSDT,80291.2,0.022,False
1778603812941,BTCUSDT,80291.4,0.008,False
1778603812941,BTCUSDT,80291.6,0.001,False
1778603812941,BTCUSDT,80291.7,0.002,False
1778603812941,BTCUSDT,80292.0,0.022,False
1778603812941,BTCUSDT,80292.1,0.001,False
1778603812941,BTCUSDT,80292.5,0.003,False
1778603812941,BTCUSDT,80292.6,0.002,False
1778603812941,BTCUSDT,80292.7,0.001,False
1778603812941,BTCUSDT,80293.0,0.001,False
1778603812951,BTCUSDT,80293.1,0.033,False
1778603812951,BTCUSDT,80293.3,0.001,False
1778603812951,BTCUSDT,80293.4,0.002,False
1778603812951,BTCUSDT,80293.5,0.001,False
1778603812951,BTCUSDT,80293.6,0.003,False
1778603812951,BTCUSDT,80293.7,0.003,False
1778603813027,BTCUSDT,80293.8,0.121,False
1778603813027,BTCUSDT,80294.0,0.002,False
1778603813027,BTCUSDT,80294.1,0.004,False
1778603813031,BTCUSDT,80294.4,0.002,False
1778603813036,BTCUSDT,80294.5,0.013,False
1778603813036,BTCUSDT,80294.7,0.002,False
1778603813036,BTCUSDT,80295.0,0.003,False
1778603813036,BTCUSDT,80295.1,0.001,False
1778603813036,BTCUSDT,80295.4,0.002,False
1778603813036,BTCUSDT,80295.5,0.001,False
1778603813036,BTCUSDT,80295.8,0.002,False
1778603813036,BTCUSDT,80295.9,0.003,False
1778603813036,BTCUSDT,80296.0,0.006,False
1778603813038,BTCUSDT,80296.1,0.012,False
1778603813041,BTCUSDT,80296.2,0.001,False
1778603813041,BTCUSDT,80296.3,0.001,False
1778603813041,BTCUSDT,80296.6,0.001,False
1778603813041,BTCUSDT,80296.9,0.001,False
1778603813041,BTCUSDT,80297.0,0.003,False
1778603813043,BTCUSDT,80297.1,0.013,False
1778603813043,BTCUSDT,80297.2,0.001,False
1778603813043,BTCUSDT,80297.5,0.005,False
1778603813044,BTCUSDT,80297.6,0.031,False
1778603813044,BTCUSDT,80297.9,0.001,False
1778603813044,BTCUSDT,80298.0,0.003,False
1778603813091,BTCUSDT,80298.1,0.154,False
1778603813188,BTCUSDT,80298.2,0.005,False
1778603813188,BTCUSDT,80298.3,0.001,False
1778603813188,BTCUSDT,80298.4,0.079,False
1778603813188,BTCUSDT,80298.5,0.002,False
1778603813188,BTCUSDT,80299.0,0.017,False
1778603813188,BTCUSDT,80299.1,0.001,False
1778603813188,BTCUSDT,80299.2,0.05,False
1778603813194,BTCUSDT,80299.2,0.374,True
1778603813271,BTCUSDT,80299.3,1.56,False
1778603813279,BTCUSDT,80299.4,0.002,False
1778603813279,BTCUSDT,80299.5,0.001,False
1778603813279,BTCUSDT,80299.6,0.001,False
1778603813279,BTCUSDT,80299.8,0.001,False
1778603813279,BTCUSDT,80299.9,0.021,False
1778603813279,BTCUSDT,80300.0,4.255,False
1778603813279,BTCUSDT,80300.1,0.001,False
1778603813279,BTCUSDT,80300.2,0.034,False
1778603813280,BTCUSDT,80300.5,0.003,False
1778603813280,BTCUSDT,80300.8,0.001,False
1778603813280,BTCUSDT,80300.9,0.001,False
1778603813280,BTCUSDT,80301.0,0.001,False
1778603813280,BTCUSDT,80301.5,0.002,False
1778603813280,BTCUSDT,80301.6,0.001,False
1778603813280,BTCUSDT,80301.7,0.004,False
1778603813280,BTCUSDT,80301.8,0.003,False
1778603813280,BTCUSDT,80302.0,0.001,False
1778603813280,BTCUSDT,80302.2,0.011,False
1778603813293,BTCUSDT,80302.6,0.001,False
1778603813293,BTCUSDT,80302.7,0.012,False
1778603813294,BTCUSDT,80303.2,0.001,False
1778603813294,BTCUSDT,80303.3,0.006,False
1778603813294,BTCUSDT,80303.4,0.001,False
1778603813294,BTCUSDT,80303.5,0.016,False
1778603813294,BTCUSDT,80303.6,0.003,False
1778603813294,BTCUSDT,80303.9,0.01,False
1778603813294,BTCUSDT,80304.0,0.008,False
1778603813294,BTCUSDT,80304.1,0.024,False
1778603813294,BTCUSDT,80304.3,0.001,False
1778603813294,BTCUSDT,80304.4,0.01,False
1778603813294,BTCUSDT,80304.5,0.001,False
1778603813294,BTCUSDT,80304.7,0.001,False
1778603813294,BTCUSDT,80304.8,0.001,False
1778603813294,BTCUSDT,80305.0,0.002,False
1778603813294,BTCUSDT,80305.2,0.003,False
1778603813294,BTCUSDT,80305.3,0.001,False
1778603813294,BTCUSDT,80305.4,0.001,False
1778603813294,BTCUSDT,80305.5,0.002,False
1778603813294,BTCUSDT,80305.6,0.001,False
1778603813294,BTCUSDT,80305.7,0.003,False
1778603813294,BTCUSDT,80305.9,0.001,False
1778603813294,BTCUSDT,80306.0,0.003,False
1778603813294,BTCUSDT,80306.1,0.005,False
1778603813294,BTCUSDT,80306.2,0.01,False
1778603813294,BTCUSDT,80306.4,0.05,False
1778603813294,BTCUSDT,80306.5,0.001,False
1778603813294,BTCUSDT,80306.6,0.002,False
1778603813294,BTCUSDT,80306.7,0.007,False
1778603813294,BTCUSDT,80306.8,0.033,False
1778603813294,BTCUSDT,80306.9,0.001,False
1778603813294,BTCUSDT,80307.0,0.002,False
1778603813294,BTCUSDT,80307.1,0.003,False
1778603813294,BTCUSDT,80307.2,0.005,False
1778603813294,BTCUSDT,80307.3,0.021,False
1778603813294,BTCUSDT,80307.5,0.004,False
1778603813294,BTCUSDT,80307.6,0.057,False
1778603813305,BTCUSDT,80307.5,0.002,True
1778603813320,BTCUSDT,80307.6,0.042,False
1778603813322,BTCUSDT,80307.5,2.679,True
1778603813652,BTCUSDT,80307.6,0.002,False
1778603813791,BTCUSDT,80307.5,0.062,True
1778603814019,BTCUSDT,80307.6,0.091,False
1778603814087,BTCUSDT,80307.5,0.025,True
1778603814449,BTCUSDT,80307.6,0.003,False
1778603814606,BTCUSDT,80307.5,1.245,True
1778603814773,BTCUSDT,80307.5,0.031,True
1778603815270,BTCUSDT,80307.6,0.001,False
1778603815407,BTCUSDT,80307.6,0.138,False
1778603815612,BTCUSDT,80307.6,0.006,False
1778603815936,BTCUSDT,80307.6,0.015,False
1778603816068,BTCUSDT,80307.5,0.109,True
1778603816259,BTCUSDT,80307.5,0.004,True
1778603816681,BTCUSDT,80307.5,0.021,True
1778603816786,BTCUSDT,80307.6,0.007,False
1778603816946,BTCUSDT,80307.6,0.003,False
1778603817276,BTCUSDT,80307.5,0.001,True
1778603818045,BTCUSDT,80307.6,0.013,False
1778603818161,BTCUSDT,80307.5,0.001,True
1778603818308,BTCUSDT,80307.6,0.001,False
1778603818449,BTCUSDT,80307.6,0.003,False
1778603818568,BTCUSDT,80307.6,0.002,False
1778603818891,BTCUSDT,80307.6,0.004,False
1778603819477,BTCUSDT,80307.6,0.014,False
1778603819768,BTCUSDT,80307.6,0.027,False
1778603820386,BTCUSDT,80307.6,0.008,False
1778603820563,BTCUSDT,80307.6,0.022,False
1778603820720,BTCUSDT,80307.6,0.026,False
1778603820790,BTCUSDT,80307.5,2.563,True
1778603820860,BTCUSDT,80307.6,0.355,False
1778603820921,BTCUSDT,80307.5,0.052,True
1778603820984,BTCUSDT,80307.6,0.032,False
1778603821047,BTCUSDT,80307.5,0.051,True
1778603821159,BTCUSDT,80307.6,0.019,False
1778603821358,BTCUSDT,80307.5,0.126,True
1778603821491,BTCUSDT,80307.5,2.563,True
1778603821718,BTCUSDT,80307.5,0.001,True
1778603821931,BTCUSDT,80307.6,0.014,False
1778603821951,BTCUSDT,80307.5,0.003,True
1778603822004,BTCUSDT,80307.6,0.057,False
1778603822110,BTCUSDT,80307.5,0.024,True
1778603822215,BTCUSDT,80307.5,2.566,True
1778603822913,BTCUSDT,80307.5,2.563,True
1778603822933,BTCUSDT,80307.6,0.013,False
1778603823036,BTCUSDT,80307.5,0.585,True
1778603823050,BTCUSDT,80307.4,0.003,True
1778603823050,BTCUSDT,80307.2,0.08,True
1778603823051,BTCUSDT,80307.1,0.106,True
1778603823058,BTCUSDT,80306.8,0.001,False
1778603823062,BTCUSDT,80306.7,0.004,True
1778603823067,BTCUSDT,80306.5,0.001,False
1778603823067,BTCUSDT,80306.4,0.002,True
1778603823072,BTCUSDT,80306.1,0.001,True
1778603823075,BTCUSDT,80305.8,0.003,True
1778603823075,BTCUSDT,80305.6,0.002,True
1778603823075,BTCUSDT,80305.5,0.002,True
1778603823075,BTCUSDT,80305.0,0.003,True
1778603823075,BTCUSDT,80304.8,0.002,True
1778603823075,BTCUSDT,80304.7,0.001,True
1778603823075,BTCUSDT,80304.2,0.002,True
1778603823075,BTCUSDT,80304.1,0.002,True
1778603823075,BTCUSDT,80304.0,0.003,True
1778603823077,BTCUSDT,80304.0,0.001,False
1778603823086,BTCUSDT,80303.9,0.023,True
1778603823093,BTCUSDT,80303.8,0.018,True
1778603823093,BTCUSDT,80303.7,0.003,True
1778603823093,BTCUSDT,80303.6,0.004,True
1778603823093,BTCUSDT,80303.5,0.004,True
1778603823093,BTCUSDT,80303.4,0.006,True
1778603823093,BTCUSDT,80303.2,0.003,True
1778603823093,BTCUSDT,80303.1,0.001,True
1778603823093,BTCUSDT,80302.9,0.002,True
1778603823093,BTCUSDT,80302.6,0.005,True
1778603823093,BTCUSDT,80302.5,0.001,True
1778603823093,BTCUSDT,80302.3,0.009,True
1778603823093,BTCUSDT,80302.0,0.001,True
1778603823093,BTCUSDT,80301.9,0.001,True
1778603823093,BTCUSDT,80301.8,0.005,True
1778603823093,BTCUSDT,80301.6,0.001,True
1778603823093,BTCUSDT,80301.5,0.035,True
1778603823093,BTCUSDT,80301.3,0.001,True
1778603823093,BTCUSDT,80301.1,0.001,True
1778603823093,BTCUSDT,80301.0,0.002,True
1778603823093,BTCUSDT,80300.9,0.001,True
1778603823093,BTCUSDT,80300.8,0.001,True
1778603823093,BTCUSDT,80300.7,0.004,True
1778603823093,BTCUSDT,80300.6,0.125,True
1778603823093,BTCUSDT,80300.5,0.017,True
1778603823093,BTCUSDT,80300.4,0.001,True
1778603823093,BTCUSDT,80300.3,0.404,True
1778603823093,BTCUSDT,80300.2,0.007,True
1778603823093,BTCUSDT,80300.0,0.037,True
1778603823093,BTCUSDT,80299.9,0.001,True
1778603823093,BTCUSDT,80299.8,0.002,True
1778603823093,BTCUSDT,80299.7,0.093,True
1778603823099,BTCUSDT,80299.8,0.003,False
1778603823358,BTCUSDT,80299.7,0.002,True
1778603823383,BTCUSDT,80299.8,0.062,False
1778603823629,BTCUSDT,80299.7,2.563,True
1778603824339,BTCUSDT,80299.7,0.001,True
1778603824352,BTCUSDT,80299.8,0.009,False
1778603824447,BTCUSDT,80299.7,2.564,True
1778603824482,BTCUSDT,80299.8,0.007,False
1778603824799,BTCUSDT,80299.7,0.01,True
1778603824865,BTCUSDT,80299.8,0.056,False
1778603824996,BTCUSDT,80299.7,1.093,True
1778603824996,BTCUSDT,80299.5,0.002,True
1778603824996,BTCUSDT,80299.4,0.002,True
1778603824996,BTCUSDT,80299.2,0.038,True
1778603824996,BTCUSDT,80299.1,0.049,True
1778603824996,BTCUSDT,80298.9,0.001,True
1778603824996,BTCUSDT,80298.8,0.001,True
1778603824996,BTCUSDT,80298.6,0.003,True
1778603824996,BTCUSDT,80298.5,0.002,True
1778603824996,BTCUSDT,80298.3,0.107,True
1778603824996,BTCUSDT,80298.2,0.001,True
1778603824996,BTCUSDT,80298.1,0.001,True
1778603824996,BTCUSDT,80298.0,0.019,True
1778603824996,BTCUSDT,80297.8,0.003,True
1778603824996,BTCUSDT,80297.7,0.003,True
1778603824996,BTCUSDT,80297.5,0.008,True
1778603824996,BTCUSDT,80297.3,0.166,True
1778603824996,BTCUSDT,80297.2,0.002,True
1778603824997,BTCUSDT,80296.8,0.001,True
1778603824997,BTCUSDT,80296.7,0.94,True
1778603824997,BTCUSDT,80296.6,0.122,True
1778603825000,BTCUSDT,80296.5,0.009,True
1778603825271,BTCUSDT,80296.5,0.005,True
1778603825492,BTCUSDT,80296.5,0.905,True
1778603825515,BTCUSDT,80296.6,0.178,False
1778603825602,BTCUSDT,80296.5,2.564,True
1778603825799,BTCUSDT,80296.6,0.062,False
1778603825890,BTCUSDT,80296.5,0.007,True
1778603826239,BTCUSDT,80296.5,2.564,True
1778603826255,BTCUSDT,80296.6,0.1,False
1778603826367,BTCUSDT,80296.5,0.011,True
1778603826851,BTCUSDT,80296.5,0.376,True
1778603826899,BTCUSDT,80296.3,0.002,True
1778603826899,BTCUSDT,80296.2,0.001,True
1778603826899,BTCUSDT,80296.1,0.002,True
1778603826899,BTCUSDT,80296.0,0.046,True
1778603826899,BTCUSDT,80295.9,0.35,True
1778603826899,BTCUSDT,80295.8,0.01,True
1778603826899,BTCUSDT,80295.7,0.037,True
1778603826899,BTCUSDT,80295.6,0.001,True
1778603826899,BTCUSDT,80295.3,0.001,True
1778603826899,BTCUSDT,80295.2,0.001,True
1778603826899,BTCUSDT,80295.1,0.037,True
1778603826899,BTCUSDT,80295.0,0.37,True
1778603826899,BTCUSDT,80294.9,0.05,True
1778603826899,BTCUSDT,80294.8,0.001,True
1778603826899,BTCUSDT,80294.7,0.405,True
1778603826899,BTCUSDT,80294.6,0.051,True
1778603826899,BTCUSDT,80294.4,0.011,True
1778603826899,BTCUSDT,80294.3,0.002,True
1778603826899,BTCUSDT,80294.2,0.05,True
1778603826899,BTCUSDT,80294.1,0.051,True
1778603826899,BTCUSDT,80294.0,0.002,True
1778603826899,BTCUSDT,80293.9,0.09,True
1778603826899,BTCUSDT,80293.8,0.061,True
1778603826899,BTCUSDT,80293.7,0.155,True
1778603826899,BTCUSDT,80293.6,0.143,True
1778603826899,BTCUSDT,80293.3,0.054,True
1778603826899,BTCUSDT,80293.2,0.076,True
1778603826899,BTCUSDT,80293.2,0.076,True
1778603826899,BTCUSDT,80292.8,0.144,True
1778603827091,BTCUSDT,80292.9,3.26,False
1778603827371,BTCUSDT,80292.9,0.016,False
1778603827564,BTCUSDT,80292.8,1.518,True
1778603827564,BTCUSDT,80292.7,0.075,True
1778603827564,BTCUSDT,80292.6,0.001,True
1778603827564,BTCUSDT,80292.5,0.577,True
1778603827564,BTCUSDT,80292.4,0.253,True
1778603827564,BTCUSDT,80292.3,0.14,True
1778603827568,BTCUSDT,80292.2,0.031,True
1778603827579,BTCUSDT,80292.1,0.002,True
1778603827693,BTCUSDT,80292.0,0.01,True
1778603827693,BTCUSDT,80291.9,0.001,True
1778603827693,BTCUSDT,80291.8,0.003,True
1778603827694,BTCUSDT,80291.5,0.005,True
1778603827694,BTCUSDT,80291.3,0.006,True
1778603827697,BTCUSDT,80291.0,0.001,True
1778603827705,BTCUSDT,80290.9,0.011,True
1778603827705,BTCUSDT,80290.8,0.002,True
1778603827705,BTCUSDT,80290.3,0.006,True
1778603827707,BTCUSDT,80290.3,0.028,False
1778603827771,BTCUSDT,80290.2,0.02,True
1778603827773,BTCUSDT,80290.1,0.016,True
1778603827799,BTCUSDT,80290.0,0.001,True
1778603827928,BTCUSDT,80290.0,0.109,True
1778603827953,BTCUSDT,80289.9,0.013,True
1778603827955,BTCUSDT,80289.8,0.001,True
1778603827955,BTCUSDT,80289.7,0.001,True
1778603827957,BTCUSDT,80289.5,0.013,True
1778603827959,BTCUSDT,80288.8,0.001,True
1778603827959,BTCUSDT,80288.5,0.003,True
1778603827959,BTCUSDT,80288.1,0.001,True
1778603827959,BTCUSDT,80288.0,0.004,True
1778603827959,BTCUSDT,80287.9,0.002,True
1778603827962,BTCUSDT,80287.6,0.005,True
1778603827963,BTCUSDT,80287.5,0.001,True
1778603827963,BTCUSDT,80287.0,0.001,True
1778603827964,BTCUSDT,80286.5,0.004,True
1778603827964,BTCUSDT,80286.3,0.001,True
1778603827964,BTCUSDT,80286.2,0.003,True
1778603827964,BTCUSDT,80286.1,0.001,True
1778603827964,BTCUSDT,80286.0,0.001,True
1778603827968,BTCUSDT,80285.9,0.001,True
1778603827968,BTCUSDT,80285.8,0.012,True
1778603827970,BTCUSDT,80285.7,0.109,True
1778603828031,BTCUSDT,80285.6,0.001,True
1778603828031,BTCUSDT,80285.3,0.001,True
1778603828031,BTCUSDT,80285.2,0.001,True
1778603828031,BTCUSDT,80285.1,0.001,True
1778603828031,BTCUSDT,80284.6,0.003,True
1778603828047,BTCUSDT,80284.3,0.005,True
1778603828047,BTCUSDT,80284.2,0.001,True
1778603828047,BTCUSDT,80284.1,0.001,True
1778603828103,BTCUSDT,80284.0,0.292,True
1778603828103,BTCUSDT,80283.9,0.019,True
1778603828103,BTCUSDT,80283.8,0.001,True
1778603828103,BTCUSDT,80283.5,0.001,True
1778603828103,BTCUSDT,80283.2,0.001,True
1778603828103,BTCUSDT,80283.1,0.3,True
1778603828103,BTCUSDT,80282.9,0.003,True
1778603828103,BTCUSDT,80282.7,0.002,True
1778603828103,BTCUSDT,80282.6,0.001,True
1778603828103,BTCUSDT,80282.5,0.392,True
1778603828103,BTCUSDT,80282.4,1.552,True
1778603828108,BTCUSDT,80282.2,0.027,True
1778603828117,BTCUSDT,80282.1,0.002,True
1778603828117,BTCUSDT,80282.0,0.002,True
1778603828117,BTCUSDT,80281.9,0.005,True
1778603828117,BTCUSDT,80281.5,0.001,True
1778603828117,BTCUSDT,80281.4,0.001,True
1778603828117,BTCUSDT,80281.4,0.001,True
1778603828242,BTCUSDT,80281.4,0.004,False
1778603828372,BTCUSDT,80281.3,0.032,True
1778603828372,BTCUSDT,80281.1,0.001,True
1778603828372,BTCUSDT,80281.0,0.006,True
1778603828372,BTCUSDT,80280.8,0.002,True
1778603828372,BTCUSDT,80280.6,0.001,True
1778603828372,BTCUSDT,80280.5,0.001,True
1778603828675,BTCUSDT,80280.2,2.564,True
1778603828832,BTCUSDT,80280.3,0.001,False
1778603829080,BTCUSDT,80280.2,0.141,True
1778603829107,BTCUSDT,80280.3,0.021,False
1778603829363,BTCUSDT,80280.3,0.012,False
1778603829433,BTCUSDT,80280.2,0.912,True
1778603829538,BTCUSDT,80280.3,0.2,False
1778603830186,BTCUSDT,80280.2,2.564,True
1778603830186,BTCUSDT,80280.2,2.564,True
1778603830424,BTCUSDT,80280.2,0.002,True
1778603830551,BTCUSDT,80280.3,0.004,False
1778603830756,BTCUSDT,80280.2,0.023,True
1778603830761,BTCUSDT,80280.3,0.396,False
1778603830974,BTCUSDT,80280.2,0.016,True
1778603830974,BTCUSDT,80280.2,0.016,True
1778603831384,BTCUSDT,80280.2,0.002,True
1778603831690,BTCUSDT,80280.3,0.003,False
1778603831690,BTCUSDT,80280.3,0.003,False
1778603832261,BTCUSDT,80280.2,0.014,True
1778603832569,BTCUSDT,80280.2,1.0,True
1778603832600,BTCUSDT,80280.3,0.003,False
1778603832870,BTCUSDT,80280.3,0.002,False
1778603832870,BTCUSDT,80280.3,0.002,False
1778603833440,BTCUSDT,80280.3,0.066,False
1778603833557,BTCUSDT,80280.2,0.061,True
1778603833557,BTCUSDT,80280.2,0.061,True
1778603834516,BTCUSDT,80280.3,0.001,False
1778603834516,BTCUSDT,80280.3,0.001,False
1778603834752,BTCUSDT,80280.3,0.001,False
1778603835004,BTCUSDT,80280.3,0.004,False
1778603835007,BTCUSDT,80280.2,0.006,True
1778603835445,BTCUSDT,80280.2,0.307,True
1778603835445,BTCUSDT,80280.0,0.004,True
1778603835445,BTCUSDT,80279.9,0.001,True
1778603835445,BTCUSDT,80279.8,0.002,True
1778603835445,BTCUSDT,80279.6,0.062,True
1778603835445,BTCUSDT,80279.5,0.002,True
1778603835446,BTCUSDT,80279.2,0.002,True
1778603835446,BTCUSDT,80279.0,0.001,True
1778603835446,BTCUSDT,80278.5,0.001,True
1778603835446,BTCUSDT,80278.2,0.001,True
1778603835446,BTCUSDT,80278.1,0.051,True
1778603835446,BTCUSDT,80278.0,0.005,True
1778603835446,BTCUSDT,80277.9,0.001,True
1778603835446,BTCUSDT,80277.7,0.001,True
1778603835446,BTCUSDT,80277.6,0.052,True
1778603835446,BTCUSDT,80277.4,0.001,True
1778603835446,BTCUSDT,80277.3,0.055,True
1778603835453,BTCUSDT,80276.7,0.001,True
1778603835453,BTCUSDT,80276.6,0.001,True
1778603835453,BTCUSDT,80276.5,0.012,True
1778603835470,BTCUSDT,80276.4,0.033,True
1778603835480,BTCUSDT,80276.0,0.003,True
1778603835482,BTCUSDT,80275.9,0.048,True
1778603835482,BTCUSDT,80275.8,0.001,True
1778603835503,BTCUSDT,80275.7,0.059,True
1778603835506,BTCUSDT,80275.5,0.137,True
1778603835561,BTCUSDT,80275.3,0.001,True
1778603835561,BTCUSDT,80275.2,0.001,True
1778603835561,BTCUSDT,80275.0,0.001,True
1778603835561,BTCUSDT,80274.7,0.001,True
1778603835561,BTCUSDT,80274.4,0.002,True
1778603835561,BTCUSDT,80274.4,0.002,True
1778603835688,BTCUSDT,80274.4,0.005,False
1778603836020,BTCUSDT,80274.4,0.003,False
1778603836232,BTCUSDT,80274.3,0.002,True
1778603836497,BTCUSDT,80274.3,0.1,True
1778603836649,BTCUSDT,80274.4,0.011,False
1778603836649,BTCUSDT,80274.4,0.011,False
1778603837155,BTCUSDT,80274.3,0.001,True
1778603837802,BTCUSDT,80274.4,0.371,False
1778603837814,BTCUSDT,80274.3,0.199,True
1778603837814,BTCUSDT,80274.2,0.001,True
1778603837814,BTCUSDT,80274.1,0.001,True
1778603837814,BTCUSDT,80274.0,0.002,True
1778603837814,BTCUSDT,80273.9,0.002,True
1778603837814,BTCUSDT,80273.7,0.002,True
1778603837814,BTCUSDT,80273.4,0.001,True
1778603837814,BTCUSDT,80273.2,0.01,True
1778603837814,BTCUSDT,80272.8,0.002,True
1778603837814,BTCUSDT,80272.3,0.001,True
1778603837814,BTCUSDT,80272.0,0.002,True
1778603837814,BTCUSDT,80271.9,0.255,True
1778603837814,BTCUSDT,80271.8,0.001,True
1778603837814,BTCUSDT,80271.7,0.007,True
1778603837814,BTCUSDT,80271.4,0.002,True
1778603837815,BTCUSDT,80271.1,0.001,True
1778603837815,BTCUSDT,80271.0,0.001,True
1778603837823,BTCUSDT,80270.8,0.018,True
1778603837833,BTCUSDT,80270.5,0.003,True
1778603837833,BTCUSDT,80270.3,0.001,True
1778603837833,BTCUSDT,80270.1,0.001,True
1778603837833,BTCUSDT,80270.0,0.002,True
1778603837837,BTCUSDT,80269.8,0.002,True
1778603837837,BTCUSDT,80269.7,0.001,True
1778603837837,BTCUSDT,80269.6,0.001,True
1778603837837,BTCUSDT,80269.5,0.018,True
1778603837854,BTCUSDT,80269.1,0.006,True
1778603837854,BTCUSDT,80269.0,0.001,True
1778603837854,BTCUSDT,80268.7,0.001,True
1778603837854,BTCUSDT,80268.5,0.004,True
1778603837860,BTCUSDT,80268.4,0.039,True
1778603837929,BTCUSDT,80268.3,0.001,True
1778603837929,BTCUSDT,80268.1,0.001,True
1778603837929,BTCUSDT,80268.0,0.002,True
1778603837929,BTCUSDT,80267.8,0.001,True
1778603837932,BTCUSDT,80267.7,0.019,True
1778603837933,BTCUSDT,80267.6,0.001,True
1778603837933,BTCUSDT,80267.7,0.001,True
1778603837933,BTCUSDT,80267.4,0.005,True
1778603837937,BTCUSDT,80267.3,0.049,True
1778603838172,BTCUSDT,80267.3,0.031,True
1778603838172,BTCUSDT,80267.2,0.001,True
1778603838172,BTCUSDT,80267.1,0.003,True
1778603838174,BTCUSDT,80267.0,0.031,True
1778603838178,BTCUSDT,80266.9,0.001,True
1778603838178,BTCUSDT,80266.8,0.003,True
1778603838178,BTCUSDT,80266.5,0.001,True
1778603838249,BTCUSDT,80266.4,0.002,True
1778603838249,BTCUSDT,80266.4,0.002,True
1778603838619,BTCUSDT,80266.4,0.027,True
1778603838896,BTCUSDT,80266.4,0.996,True
1778603838896,BTCUSDT,80266.2,0.005,True
1778603838896,BTCUSDT,80266.1,0.003,True
1778603838896,BTCUSDT,80266.0,0.004,True
1778603838896,BTCUSDT,80265.9,0.003,True
1778603838896,BTCUSDT,80265.7,0.002,True
1778603838896,BTCUSDT,80265.6,0.121,True
1778603838896,BTCUSDT,80265.1,0.016,True
1778603838896,BTCUSDT,80265.0,0.01,True
1778603838896,BTCUSDT,80264.7,0.009,True
1778603838896,BTCUSDT,80264.5,0.001,True
1778603838896,BTCUSDT,80264.4,0.001,True
1778603838896,BTCUSDT,80264.3,0.001,True
1778603838896,BTCUSDT,80264.1,0.701,True
1778603838896,BTCUSDT,80264.0,0.489,True
1778603838896,BTCUSDT,80263.9,0.003,True
1778603838896,BTCUSDT,80263.7,0.025,True
1778603838896,BTCUSDT,80263.5,0.001,True
1778603838896,BTCUSDT,80263.3,0.001,True
1778603838896,BTCUSDT,80263.2,0.003,True
1778603838896,BTCUSDT,80263.1,0.05,True
1778603838896,BTCUSDT,80263.0,0.038,True
1778603838896,BTCUSDT,80262.9,0.019,True
1778603838896,BTCUSDT,80262.8,0.043,True
1778603838896,BTCUSDT,80262.7,0.02,True
1778603839011,BTCUSDT,80262.7,0.001,True
1778603839301,BTCUSDT,80262.7,0.007,True
1778603839301,BTCUSDT,80262.7,0.007,True
1778603839544,BTCUSDT,80262.7,0.087,True
1778603840282,BTCUSDT,80262.8,0.124,False
1778603840283,BTCUSDT,80262.9,0.004,False
1778603840283,BTCUSDT,80263.0,0.002,False
1778603840283,BTCUSDT,80263.1,0.099,False
1778603840283,BTCUSDT,80263.4,0.001,False
1778603840283,BTCUSDT,80264.0,0.001,False
1778603840283,BTCUSDT,80264.2,0.004,False
1778603840283,BTCUSDT,80264.3,0.001,False
1778603840283,BTCUSDT,80264.5,0.001,False
1778603840283,BTCUSDT,80264.8,0.006,False
1778603840283,BTCUSDT,80265.0,0.001,False
1778603840283,BTCUSDT,80265.4,0.001,False
1778603840283,BTCUSDT,80265.6,0.002,False
1778603840284,BTCUSDT,80266.0,0.001,False
1778603840284,BTCUSDT,80266.2,0.001,False
1778603840284,BTCUSDT,80266.3,0.186,False
1778603840284,BTCUSDT,80266.5,0.165,False
1778603840284,BTCUSDT,80266.6,0.001,False
1778603840284,BTCUSDT,80266.7,0.001,False
1778603840284,BTCUSDT,80266.8,0.031,False
1778603840284,BTCUSDT,80266.9,0.006,False
1778603840284,BTCUSDT,80267.0,0.001,False
1778603840286,BTCUSDT,80267.3,0.001,False
1778603840286,BTCUSDT,80267.4,0.001,False
1778603840286,BTCUSDT,80267.5,0.001,False
1778603840286,BTCUSDT,80267.6,0.002,False
1778603840286,BTCUSDT,80267.7,0.251,False
1778603840294,BTCUSDT,80268.0,0.002,False
1778603840294,BTCUSDT,80268.4,0.001,False
1778603840298,BTCUSDT,80268.6,0.001,False
1778603840298,BTCUSDT,80268.8,0.032,False
1778603840298,BTCUSDT,80269.5,0.001,False
1778603840298,BTCUSDT,80269.7,0.001,False
1778603840298,BTCUSDT,80270.0,0.003,False
1778603840298,BTCUSDT,80270.2,0.002,False
1778603840298,BTCUSDT,80270.4,0.124,False
1778603840298,BTCUSDT,80270.5,0.003,False
1778603840298,BTCUSDT,80270.8,0.002,False
1778603840298,BTCUSDT,80271.0,0.001,False
1778603840298,BTCUSDT,80271.2,0.001,False
1778603840298,BTCUSDT,80271.3,0.022,False
1778603840298,BTCUSDT,80271.5,0.001,False
1778603840298,BTCUSDT,80271.6,0.001,False
1778603840298,BTCUSDT,80271.7,0.003,False
1778603840298,BTCUSDT,80271.8,0.003,False
1778603840298,BTCUSDT,80271.9,0.001,False
1778603840298,BTCUSDT,80272.0,0.003,False
1778603840298,BTCUSDT,80272.1,0.002,False
1778603840298,BTCUSDT,80272.2,0.001,False
1778603840298,BTCUSDT,80272.3,0.001,False
1778603840298,BTCUSDT,80272.4,0.001,False
1778603840298,BTCUSDT,80272.5,0.001,False
1778603840298,BTCUSDT,80272.6,0.003,False
1778603840298,BTCUSDT,80272.8,0.001,False
1778603840298,BTCUSDT,80272.9,0.033,False
1778603840298,BTCUSDT,80273.0,0.002,False
1778603840298,BTCUSDT,80273.1,0.003,False
1778603840298,BTCUSDT,80273.4,0.029,False
1778603840298,BTCUSDT,80273.6,0.002,False
1778603840298,BTCUSDT,80273.7,0.002,False
1778603840298,BTCUSDT,80273.8,0.001,False
1778603840298,BTCUSDT,80274.0,0.004,False
1778603840298,BTCUSDT,80274.2,0.677,False
1778603840298,BTCUSDT,80274.3,0.002,False
1778603840298,BTCUSDT,80274.4,0.057,False
1778603840298,BTCUSDT,80274.5,0.002,False
1778603840298,BTCUSDT,80274.6,0.007,False
1778603840298,BTCUSDT,80274.7,0.003,False
1778603840298,BTCUSDT,80274.8,0.003,False
1778603840298,BTCUSDT,80275.0,0.007,False
1778603840298,BTCUSDT,80275.1,0.001,False
1778603840298,BTCUSDT,80275.4,0.001,False
1778603840298,BTCUSDT,80275.5,0.003,False
1778603840298,BTCUSDT,80275.6,0.005,False
1778603840298,BTCUSDT,80275.7,0.001,False
1778603840298,BTCUSDT,80275.8,0.001,False
1778603840298,BTCUSDT,80276.0,0.004,False
1778603840298,BTCUSDT,80276.2,0.003,False
1778603840298,BTCUSDT,80276.3,0.001,False
1778603840298,BTCUSDT,80276.4,0.68,False
1778603840298,BTCUSDT,80276.5,0.348,False
1778603840298,BTCUSDT,80276.6,0.002,False
1778603840298,BTCUSDT,80276.7,0.002,False
1778603840298,BTCUSDT,80276.8,0.04,False
1778603840298,BTCUSDT,80276.9,0.005,False
1778603840298,BTCUSDT,80277.0,0.021,False
1778603840298,BTCUSDT,80277.2,0.003,False
1778603840298,BTCUSDT,80277.4,0.001,False
1778603840298,BTCUSDT,80277.5,0.004,False
1778603840298,BTCUSDT,80277.6,0.001,False
1778603840298,BTCUSDT,80277.8,0.002,False
1778603840300,BTCUSDT,80274.5,0.001,True
1778603840304,BTCUSDT,80275.5,0.001,True
1778603840304,BTCUSDT,80275.5,0.001,True
1778603840306,BTCUSDT,80276.3,0.02,False
1778603840417,BTCUSDT,80276.3,0.012,False
1778603840417,BTCUSDT,80276.4,0.001,False
1778603840417,BTCUSDT,80276.7,0.002,False
1778603840417,BTCUSDT,80277.0,0.002,False
1778603840440,BTCUSDT,80277.1,0.001,False
1778603840440,BTCUSDT,80277.8,0.002,False
1778603840440,BTCUSDT,80277.9,0.001,False
1778603840609,BTCUSDT,80278.0,0.024,False
1778603840841,BTCUSDT,80277.9,0.003,True
1778603841071,BTCUSDT,80277.9,0.003,True
1778603841071,BTCUSDT,80277.9,0.003,True
1778603841189,BTCUSDT,80277.9,0.006,True
1778603841189,BTCUSDT,80277.9,0.006,True
1778603842164,BTCUSDT,80278.0,0.002,False
1778603842417,BTCUSDT,80277.9,0.002,True
1778603842417,BTCUSDT,80277.9,0.002,True
1778603842726,BTCUSDT,80278.0,0.027,False
1778603842982,BTCUSDT,80278.0,0.033,False
1778603842982,BTCUSDT,80278.0,0.033,False
1778603843470,BTCUSDT,80278.0,0.014,False
1778603843470,BTCUSDT,80278.0,0.014,False
1778603844491,BTCUSDT,80278.0,0.016,False
1778603844865,BTCUSDT,80278.0,0.011,False
1778603844865,BTCUSDT,80278.0,0.011,False
1778603845017,BTCUSDT,80278.0,0.008,False
1778603845206,BTCUSDT,80277.9,0.002,True
1778603845481,BTCUSDT,80277.9,0.569,True
1778603845640,BTCUSDT,80278.0,0.146,False
1778603845640,BTCUSDT,80278.1,0.006,False
1778603845640,BTCUSDT,80278.2,0.003,False
1778603845640,BTCUSDT,80278.3,0.1,False
1778603845640,BTCUSDT,80278.8,0.002,False
1778603845640,BTCUSDT,80278.9,0.001,False
1778603845640,BTCUSDT,80279.0,0.004,False
1778603845745,BTCUSDT,80279.2,0.06,True
1778603845745,BTCUSDT,80279.2,0.06,True
1778603845809,BTCUSDT,80279.3,0.256,False
1778603845859,BTCUSDT,80279.2,0.02,True
1778603845864,BTCUSDT,80279.3,0.027,False
1778603846138,BTCUSDT,80279.3,0.062,False
1778603846162,BTCUSDT,80279.2,0.014,True
1778603846447,BTCUSDT,80279.3,0.038,False
1778603846454,BTCUSDT,80279.4,0.005,False
1778603846454,BTCUSDT,80279.5,0.004,False
1778603846454,BTCUSDT,80279.6,0.002,False
1778603846454,BTCUSDT,80279.7,0.001,False
1778603846454,BTCUSDT,80279.9,0.003,False
1778603846454,BTCUSDT,80280.0,0.004,False
1778603846454,BTCUSDT,80280.1,0.003,False
1778603846454,BTCUSDT,80280.2,0.001,False
1778603846454,BTCUSDT,80280.2,0.001,False
1778603846801,BTCUSDT,80280.3,0.023,False
1778603847047,BTCUSDT,80280.2,0.02,True
1778603847222,BTCUSDT,80280.2,0.004,True
1778603847222,BTCUSDT,80280.2,0.004,True
1778603848172,BTCUSDT,80280.3,0.079,False
1778603848369,BTCUSDT,80280.3,2.704,True
1778603848369,BTCUSDT,80280.3,2.704,True
1778603848674,BTCUSDT,80280.4,0.038,False
1778603848674,BTCUSDT,80280.4,0.038,False
1778603849315,BTCUSDT,80280.4,0.002,False
1778603849629,BTCUSDT,80280.3,0.003,True
1778603850437,BTCUSDT,80280.4,3.52,False
1778603850440,BTCUSDT,80280.5,0.009,False
1778603850440,BTCUSDT,80280.6,0.001,False
1778603850440,BTCUSDT,80280.7,0.002,False
1778603850440,BTCUSDT,80281.0,0.001,False
1778603850440,BTCUSDT,80281.5,0.001,False
1778603850440,BTCUSDT,80281.7,0.001,False
1778603850440,BTCUSDT,80281.8,0.063,False
1778603850440,BTCUSDT,80281.9,0.001,False
1778603850440,BTCUSDT,80282.0,0.006,False
1778603850440,BTCUSDT,80282.2,0.038,False
1778603850440,BTCUSDT,80282.3,0.001,False
1778603850440,BTCUSDT,80282.5,0.002,False
1778603850440,BTCUSDT,80282.8,0.001,False
1778603850440,BTCUSDT,80283.0,0.003,False
1778603850440,BTCUSDT,80283.1,0.254,False
1778603850441,BTCUSDT,80283.3,0.008,False
1778603850441,BTCUSDT,80283.4,0.096,False
1778603850441,BTCUSDT,80283.7,0.002,False
1778603850441,BTCUSDT,80283.8,0.001,False
1778603850441,BTCUSDT,80283.9,0.006,False
1778603850441,BTCUSDT,80284.0,0.054,False
1778603850441,BTCUSDT,80284.1,0.026,False
1778603850442,BTCUSDT,80284.2,0.002,False
1778603850442,BTCUSDT,80284.3,0.039,False
1778603850442,BTCUSDT,80284.4,0.001,False
1778603850442,BTCUSDT,80284.5,0.067,False
1778603850442,BTCUSDT,80284.6,0.006,False
1778603850442,BTCUSDT,80284.8,0.064,False
1778603850443,BTCUSDT,80284.9,0.125,False
1778603850443,BTCUSDT,80285.0,0.004,False
1778603850443,BTCUSDT,80285.1,0.002,False
1778603850443,BTCUSDT,80285.1,0.002,False
1778603850443,BTCUSDT,80285.2,0.001,False
1778603850453,BTCUSDT,80285.3,0.014,False
1778603850456,BTCUSDT,80285.4,0.001,False
1778603850456,BTCUSDT,80285.7,0.044,False
1778603850481,BTCUSDT,80285.6,0.236,True
1778603850577,BTCUSDT,80285.7,0.001,False
1778603850577,BTCUSDT,80285.7,0.001,False
1778603851311,BTCUSDT,80285.6,0.001,True
1778603851496,BTCUSDT,80285.7,0.025,False
1778603851496,BTCUSDT,80285.8,0.003,False
1778603851496,BTCUSDT,80285.9,0.001,False
1778603851496,BTCUSDT,80286.0,0.008,False
1778603851496,BTCUSDT,80286.1,0.002,False
1778603851496,BTCUSDT,80286.3,0.002,False
1778603851496,BTCUSDT,80286.9,0.002,False
1778603851496,BTCUSDT,80287.0,0.001,False
1778603851496,BTCUSDT,80287.2,0.004,False
1778603851496,BTCUSDT,80287.6,0.001,False
1778603851496,BTCUSDT,80287.7,0.002,False
1778603851496,BTCUSDT,80287.8,0.001,False
1778603851498,BTCUSDT,80287.9,0.02,False
1778603851502,BTCUSDT,80288.0,0.002,False
1778603851502,BTCUSDT,80288.5,0.002,False
1778603851502,BTCUSDT,80288.9,0.001,False
1778603851502,BTCUSDT,80289.0,0.003,False
1778603851566,BTCUSDT,80289.1,0.021,False
1778603851566,BTCUSDT,80289.2,0.001,False
1778603851567,BTCUSDT,80289.3,0.007,False
1778603851569,BTCUSDT,80289.8,0.006,False
1778603851569,BTCUSDT,80289.9,0.005,False
1778603851569,BTCUSDT,80290.0,0.002,False
1778603851569,BTCUSDT,80290.1,0.002,False
1778603851569,BTCUSDT,80290.2,0.002,False
1778603851569,BTCUSDT,80290.5,0.001,False
1778603851619,BTCUSDT,80290.9,0.004,True
1778603851707,BTCUSDT,80291.0,0.058,False
1778603851861,BTCUSDT,80291.0,0.087,False
1778603851861,BTCUSDT,80291.6,0.001,False
1778603851861,BTCUSDT,80291.7,0.003,False
1778603851861,BTCUSDT,80291.9,0.001,False
1778603851861,BTCUSDT,80292.0,0.003,False
1778603851861,BTCUSDT,80292.2,0.001,False
1778603851861,BTCUSDT,80292.3,0.001,False
1778603851861,BTCUSDT,80292.8,0.001,False
1778603851861,BTCUSDT,80292.9,0.001,False
1778603851861,BTCUSDT,80293.2,0.001,False
1778603851861,BTCUSDT,80293.3,0.001,False
1778603851861,BTCUSDT,80293.5,0.002,False
1778603851899,BTCUSDT,80293.6,0.065,False
1778603851913,BTCUSDT,80293.8,0.001,False
1778603851913,BTCUSDT,80293.9,0.001,False
1778603851913,BTCUSDT,80294.0,0.001,False
1778603851913,BTCUSDT,80294.1,0.001,False
1778603851915,BTCUSDT,80294.7,0.008,False
1778603851915,BTCUSDT,80294.9,0.001,False
1778603851915,BTCUSDT,80295.0,0.001,False
1778603852120,BTCUSDT,80295.6,0.001,False
1778603852155,BTCUSDT,80295.5,0.002,True
1778603852521,BTCUSDT,80295.5,0.006,True
1778603852521,BTCUSDT,80295.5,0.006,True
1778603852876,BTCUSDT,80295.6,0.005,False
1778603853027,BTCUSDT,80295.6,0.037,False
1778603853245,BTCUSDT,80295.6,0.04,False
1778603853325,BTCUSDT,80295.9,0.001,False
1778603853325,BTCUSDT,80296.0,0.009,False
1778603853325,BTCUSDT,80296.3,0.001,False
1778603853325,BTCUSDT,80296.5,0.012,False
1778603853325,BTCUSDT,80296.5,0.012,False
1778603853711,BTCUSDT,80296.7,0.013,True
1778603853816,BTCUSDT,80296.8,0.018,False
1778603853919,BTCUSDT,80296.8,0.126,False
1778603854089,BTCUSDT,80296.8,0.002,False
1778603854089,BTCUSDT,80296.8,0.002,False
1778603854720,BTCUSDT,80296.7,0.002,True
1778603854803,BTCUSDT,80296.8,0.006,False
1778603855194,BTCUSDT,80296.8,0.008,False
1778603855194,BTCUSDT,80296.8,0.008,False
1778603855306,BTCUSDT,80296.8,0.004,False
1778603855523,BTCUSDT,80296.8,0.007,False
1778603856054,BTCUSDT,80296.8,1.094,False
1778603856055,BTCUSDT,80297.2,0.001,False
1778603856055,BTCUSDT,80297.3,0.001,False
1778603856055,BTCUSDT,80297.4,0.001,False
1778603856055,BTCUSDT,80297.5,0.004,False
1778603856055,BTCUSDT,80297.9,0.001,False
1778603856055,BTCUSDT,80298.0,0.001,False
1778603856055,BTCUSDT,80298.1,0.1,False
1778603856055,BTCUSDT,80298.2,0.01,False
1778603856055,BTCUSDT,80298.3,0.001,False
1778603856055,BTCUSDT,80298.6,0.001,False
1778603856059,BTCUSDT,80299.5,0.001,False
1778603856059,BTCUSDT,80299.6,0.001,False
1778603856059,BTCUSDT,80299.8,0.005,False
1778603856059,BTCUSDT,80299.9,0.001,False
1778603856059,BTCUSDT,80300.0,0.005,False
1778603856059,BTCUSDT,80300.1,0.001,False
1778603856059,BTCUSDT,80300.1,0.001,False
1778603856059,BTCUSDT,80300.4,0.001,False
1778603856064,BTCUSDT,80300.6,0.004,False
1778603856068,BTCUSDT,80300.9,0.015,False
1778603856068,BTCUSDT,80301.1,0.001,False
1778603856068,BTCUSDT,80301.2,0.001,False
1778603856068,BTCUSDT,80301.3,0.006,False
1778603856068,BTCUSDT,80301.4,0.001,False
1778603856068,BTCUSDT,80301.5,0.003,False
1778603856071,BTCUSDT,80301.7,0.005,False
1778603856071,BTCUSDT,80302.0,0.001,False
1778603856073,BTCUSDT,80302.5,0.002,False
1778603856073,BTCUSDT,80302.6,0.001,False
1778603856073,BTCUSDT,80302.7,0.001,False
1778603856194,BTCUSDT,80302.8,0.034,False
1778603856377,BTCUSDT,80302.8,0.007,False
1778603856487,BTCUSDT,80302.7,0.003,True
1778603856632,BTCUSDT,80302.8,0.004,False
1778603856632,BTCUSDT,80302.8,0.004,False
1778603857432,BTCUSDT,80302.8,0.011,False
1778603857610,BTCUSDT,80302.8,0.001,False
1778603857813,BTCUSDT,80302.8,0.037,False
1778603858991,BTCUSDT,80302.7,0.007,True
1778603858991,BTCUSDT,80302.7,0.007,True
1778603859463,BTCUSDT,80302.8,0.006,False
1778603859618,BTCUSDT,80302.8,0.002,False
1778603859618,BTCUSDT,80302.8,0.002,False
1778603859856,BTCUSDT,80302.8,0.006,False
1778603859991,BTCUSDT,80302.7,0.002,True
1778603860035,BTCUSDT,80302.8,0.03,False
1778603860384,BTCUSDT,80302.7,0.01,True
1778603860488,BTCUSDT,80302.8,0.035,False
1778603860488,BTCUSDT,80302.8,0.035,False
1778603861051,BTCUSDT,80302.8,0.153,False
1778603861282,BTCUSDT,80302.7,0.542,True
1778603861358,BTCUSDT,80302.8,0.001,False
1778603861358,BTCUSDT,80302.8,0.001,False
1778603861527,BTCUSDT,80302.7,0.001,True
1778603862032,BTCUSDT,80302.8,0.062,False
1778603862118,BTCUSDT,80302.7,0.154,True
1778603862243,BTCUSDT,80302.8,0.01,False
1778603862243,BTCUSDT,80302.8,0.01,False
1778603862424,BTCUSDT,80302.8,4.008,False
1778603862991,BTCUSDT,80302.8,0.024,False
1778603863158,BTCUSDT,80302.7,0.001,True
1778603863429,BTCUSDT,80302.8,0.004,False
1778603863429,BTCUSDT,80302.8,0.004,False
1778603863553,BTCUSDT,80302.8,0.004,False
1778603863769,BTCUSDT,80302.7,0.628,True
1778603863769,BTCUSDT,80302.6,0.001,True
1778603863769,BTCUSDT,80302.5,0.002,True
1778603863769,BTCUSDT,80302.4,0.082,True
1778603863769,BTCUSDT,80302.0,0.001,True
1778603863770,BTCUSDT,80301.6,0.083,True
1778603863770,BTCUSDT,80301.3,0.002,True
1778603863770,BTCUSDT,80301.1,0.001,True
1778603863770,BTCUSDT,80300.9,0.11,True
1778603863770,BTCUSDT,80300.7,0.006,True
1778603863770,BTCUSDT,80300.4,0.001,True
1778603863770,BTCUSDT,80300.2,0.001,True
1778603863771,BTCUSDT,80300.0,0.003,True
1778603863771,BTCUSDT,80299.9,0.005,True
1778603863771,BTCUSDT,80299.6,0.003,True
1778603863771,BTCUSDT,80299.4,0.005,True
1778603863771,BTCUSDT,80299.3,0.001,True
1778603863776,BTCUSDT,80299.1,0.032,True
1778603863783,BTCUSDT,80298.9,0.001,True
1778603863783,BTCUSDT,80298.8,0.001,True
1778603863789,BTCUSDT,80298.0,0.002,True
1778603863793,BTCUSDT,80297.1,0.001,True
1778603863794,BTCUSDT,80297.0,0.003,True
1778603863794,BTCUSDT,80296.9,0.001,True
1778603863794,BTCUSDT,80296.7,0.022,True
1778603863794,BTCUSDT,80296.3,0.001,True
1778603863794,BTCUSDT,80296.1,0.001,True
1778603863797,BTCUSDT,80296.0,0.002,True
1778603863797,BTCUSDT,80295.9,0.004,True
1778603863801,BTCUSDT,80295.7,0.012,True
1778603863807,BTCUSDT,80295.5,0.031,True
1778603863807,BTCUSDT,80295.4,0.002,True
1778603863807,BTCUSDT,80295.3,0.002,True
1778603863807,BTCUSDT,80295.2,0.001,True
1778603863810,BTCUSDT,80295.0,0.019,True
1778603863991,BTCUSDT,80295.1,0.005,False
1778603864522,BTCUSDT,80295.1,0.048,False
1778603864862,BTCUSDT,80295.0,0.01,True
1778603865144,BTCUSDT,80295.1,0.003,False
1778603865481,BTCUSDT,80295.0,0.32,True
1778603865481,BTCUSDT,80295.0,0.32,True
1778603865720,BTCUSDT,80295.1,0.003,False
1778603865833,BTCUSDT,80295.0,0.022,True
1778603865966,BTCUSDT,80295.0,0.178,True
1778603865968,BTCUSDT,80294.8,0.002,True
1778603865968,BTCUSDT,80294.7,0.001,True
1778603865968,BTCUSDT,80294.2,0.001,True
1778603865968,BTCUSDT,80294.0,0.001,True
1778603865968,BTCUSDT,80293.9,0.001,True
1778603865968,BTCUSDT,80293.3,0.001,True
1778603865968,BTCUSDT,80292.7,0.002,True
1778603865968,BTCUSDT,80292.3,0.002,True
1778603865969,BTCUSDT,80292.0,0.003,True
1778603865969,BTCUSDT,80291.9,0.006,True
1778603865969,BTCUSDT,80291.8,0.01,True
1778603865969,BTCUSDT,80291.7,0.001,True
1778603865969,BTCUSDT,80291.5,0.002,True
1778603865969,BTCUSDT,80291.2,0.006,True
1778603865969,BTCUSDT,80291.1,0.001,True
1778603865969,BTCUSDT,80291.0,0.008,True
1778603865969,BTCUSDT,80290.9,0.003,True
1778603865969,BTCUSDT,80290.8,0.147,True
1778603865969,BTCUSDT,80290.7,0.584,True
1778603865969,BTCUSDT,80290.6,0.002,True
1778603865969,BTCUSDT,80290.5,0.001,True
1778603865990,BTCUSDT,80290.3,0.004,True
1778603865990,BTCUSDT,80290.1,0.001,True
1778603865990,BTCUSDT,80290.0,0.001,True
1778603865990,BTCUSDT,80289.8,0.003,True
1778603865990,BTCUSDT,80289.7,0.003,True
1778603865990,BTCUSDT,80289.5,0.006,True
1778603865990,BTCUSDT,80289.4,0.002,True
1778603865990,BTCUSDT,80289.3,0.001,True
1778603865990,BTCUSDT,80289.2,0.001,True
1778603865990,BTCUSDT,80289.0,0.001,True
1778603865990,BTCUSDT,80288.8,0.001,True
1778603865990,BTCUSDT,80288.2,0.002,True
1778603865990,BTCUSDT,80288.1,0.001,True
1778603866004,BTCUSDT,80288.0,0.038,True
1778603866007,BTCUSDT,80288.1,0.067,False
1778603866009,BTCUSDT,80288.0,0.013,True
1778603866013,BTCUSDT,80287.9,0.001,True
1778603866013,BTCUSDT,80287.8,0.01,True
1778603866013,BTCUSDT,80287.6,0.001,True
1778603866015,BTCUSDT,80287.2,0.019,True
1778603866060,BTCUSDT,80287.0,0.001,True
1778603866060,BTCUSDT,80286.6,0.001,True
1778603866060,BTCUSDT,80286.5,0.001,True
1778603866060,BTCUSDT,80286.2,0.002,True
1778603866060,BTCUSDT,80286.1,0.001,True
1778603866060,BTCUSDT,80286.0,0.001,True
1778603866060,BTCUSDT,80285.8,0.001,True
1778603866060,BTCUSDT,80285.7,0.002,True
1778603866127,BTCUSDT,80285.6,0.199,True
1778603866127,BTCUSDT,80285.3,0.001,True
1778603866127,BTCUSDT,80285.2,0.001,True
1778603866128,BTCUSDT,80284.9,0.001,True
1778603866128,BTCUSDT,80284.8,0.049,True
1778603866128,BTCUSDT,80284.6,0.001,True
1778603866128,BTCUSDT,80284.2,0.003,True
1778603866136,BTCUSDT,80284.1,0.001,True
1778603866136,BTCUSDT,80284.0,0.004,True
1778603866143,BTCUSDT,80283.9,0.001,True
1778603866144,BTCUSDT,80283.8,0.001,True
1778603866153,BTCUSDT,80283.6,0.001,True
1778603866153,BTCUSDT,80283.5,0.001,True
1778603866154,BTCUSDT,80282.8,0.001,True
1778603866161,BTCUSDT,80282.6,0.093,True
1778603866165,BTCUSDT,80282.5,0.231,True
1778603866165,BTCUSDT,80282.1,0.002,True
1778603866165,BTCUSDT,80282.0,0.001,True
1778603866166,BTCUSDT,80281.9,0.001,True
1778603866170,BTCUSDT,80281.8,0.001,True
1778603866170,BTCUSDT,80281.6,0.003,True
1778603866173,BTCUSDT,80281.4,0.007,True
1778603866173,BTCUSDT,80281.2,0.012,True
1778603866173,BTCUSDT,80281.2,0.012,True
1778603866173,BTCUSDT,80281.1,0.002,True
1778603866200,BTCUSDT,80280.4,0.001,True
1778603866247,BTCUSDT,80280.3,0.063,True
1778603866270,BTCUSDT,80280.4,0.001,False
1778603866351,BTCUSDT,80280.3,0.017,True
1778603866696,BTCUSDT,80280.3,0.024,True
1778603866722,BTCUSDT,80280.4,0.005,False
1778603866953,BTCUSDT,80280.3,0.283,True
1778603867072,BTCUSDT,80280.3,0.001,True
1778603867072,BTCUSDT,80280.3,0.001,True
1778603867403,BTCUSDT,80280.4,0.052,False
1778603867865,BTCUSDT,80280.3,0.003,True
1778603867922,BTCUSDT,80280.4,0.02,False
1778603867938,BTCUSDT,80280.3,0.018,True
1778603868088,BTCUSDT,80280.4,0.001,False
1778603868193,BTCUSDT,80280.3,0.001,True
1778603868193,BTCUSDT,80280.3,0.001,True
1778603869114,BTCUSDT,80280.4,0.008,False
1778603869336,BTCUSDT,80280.3,0.049,True
1778603869336,BTCUSDT,80280.2,0.003,True
1778603869336,BTCUSDT,80280.1,0.001,True
1778603869336,BTCUSDT,80280.0,0.004,True
1778603869336,BTCUSDT,80280.0,0.004,True
1778603869336,BTCUSDT,80279.9,0.001,True
1778603869879,BTCUSDT,80279.6,0.003,False
1778603870312,BTCUSDT,80279.6,0.004,False
1778603870312,BTCUSDT,80279.6,0.004,False
1778603870320,BTCUSDT,80279.5,0.031,True
1778603870517,BTCUSDT,80279.5,0.001,True
1778603870909,BTCUSDT,80279.5,0.005,True
1778603870909,BTCUSDT,80279.5,0.005,True
1778603871767,BTCUSDT,80279.6,1.0,False
1778603871767,BTCUSDT,80279.6,1.0,False
1778603872174,BTCUSDT,80279.6,0.001,False
1778603872667,BTCUSDT,80279.6,0.01,False
1778603872804,BTCUSDT,80279.5,0.001,True
1778603872898,BTCUSDT,80279.6,0.012,False
1778603872997,BTCUSDT,80279.5,0.024,True
1778603872997,BTCUSDT,80279.5,0.024,True
1778603873218,BTCUSDT,80279.6,0.001,False
1778603873364,BTCUSDT,80279.5,0.002,True
1778603873879,BTCUSDT,80279.6,0.01,False
1778603873879,BTCUSDT,80279.6,0.01,False
1778603874224,BTCUSDT,80279.5,0.006,True
1778603874705,BTCUSDT,80279.6,0.011,False
1778603874850,BTCUSDT,80279.5,0.001,True
1778603874850,BTCUSDT,80279.5,0.001,True
1778603875182,BTCUSDT,80279.5,0.002,True
1778603875182,BTCUSDT,80279.5,0.002,True
1778603875910,BTCUSDT,80279.5,0.275,True
1778603876862,BTCUSDT,80279.5,0.026,True
1778603876862,BTCUSDT,80279.5,0.026,True
1778603877205,BTCUSDT,80279.6,0.011,False
1778603877378,BTCUSDT,80279.5,0.25,True
1778603877378,BTCUSDT,80279.2,0.001,True
1778603877381,BTCUSDT,80278.9,0.001,True
1778603877381,BTCUSDT,80278.5,0.001,True
1778603877381,BTCUSDT,80278.1,0.009,True
1778603877381,BTCUSDT,80278.0,0.003,True
1778603877381,BTCUSDT,80277.9,0.039,True
1778603877381,BTCUSDT,80277.8,0.001,True
1778603877381,BTCUSDT,80277.5,0.004,True
1778603877381,BTCUSDT,80277.4,0.001,True
1778603877381,BTCUSDT,80277.3,0.002,True
1778603877381,BTCUSDT,80277.2,0.001,True
1778603877381,BTCUSDT,80277.1,0.001,True
1778603877472,BTCUSDT,80277.1,0.068,False
1778603877807,BTCUSDT,80277.1,0.013,False
1778603877807,BTCUSDT,80277.1,0.013,False
1778603878378,BTCUSDT,80277.0,0.002,True
1778603878511,BTCUSDT,80277.0,0.001,True
1778603878554,BTCUSDT,80277.1,0.001,False
1778603878554,BTCUSDT,80277.1,0.001,False
1778603878985,BTCUSDT,80277.0,0.241,True
1778603879200,BTCUSDT,80277.1,0.003,False
1778603879218,BTCUSDT,80277.0,0.587,True
1778603879493,BTCUSDT,80277.0,0.063,True
1778603879494,BTCUSDT,80276.8,0.001,True
1778603879494,BTCUSDT,80276.7,0.002,True
1778603879494,BTCUSDT,80276.6,0.001,True
1778603879494,BTCUSDT,80276.5,0.002,True
1778603879494,BTCUSDT,80276.3,0.007,True
1778603879494,BTCUSDT,80276.1,0.001,True
1778603879494,BTCUSDT,80276.0,0.002,True
1778603879496,BTCUSDT,80275.8,0.047,True
1778603879570,BTCUSDT,80275.9,0.036,False
1778603879887,BTCUSDT,80275.8,0.001,True
1778603879900,BTCUSDT,80275.9,0.016,False
1778603879954,BTCUSDT,80275.8,0.055,True
1778603879954,BTCUSDT,80275.7,0.002,True
1778603879954,BTCUSDT,80275.6,0.002,True
1778603879954,BTCUSDT,80274.8,0.002,True
1778603879954,BTCUSDT,80274.8,0.002,True
1778603880536,BTCUSDT,80274.7,0.015,True
1778603880536,BTCUSDT,80274.7,0.015,True
1778603881140,BTCUSDT,80274.8,0.01,False
1778603881365,BTCUSDT,80274.7,0.02,True
1778603881573,BTCUSDT,80274.7,0.001,True
1778603881573,BTCUSDT,80274.7,0.001,True
1778603881680,BTCUSDT,80274.7,0.001,True
1778603881966,BTCUSDT,80274.8,0.347,False
1778603881966,BTCUSDT,80274.9,0.103,False
1778603881966,BTCUSDT,80275.0,0.001,False
1778603881966,BTCUSDT,80275.2,0.002,False
1778603881966,BTCUSDT,80275.3,0.001,False
1778603881966,BTCUSDT,80275.5,0.002,False
1778603881966,BTCUSDT,80275.8,0.001,False
1778603881966,BTCUSDT,80276.0,0.003,False
1778603881966,BTCUSDT,80276.1,0.002,False
1778603881966,BTCUSDT,80276.2,0.003,False
1778603881966,BTCUSDT,80276.4,0.001,False
1778603881966,BTCUSDT,80276.8,0.001,False
1778603881966,BTCUSDT,80276.9,0.001,False
1778603881966,BTCUSDT,80277.0,0.001,False
1778603881966,BTCUSDT,80277.1,0.25,False
1778603881969,BTCUSDT,80277.4,0.004,False
1778603881969,BTCUSDT,80277.6,0.001,False
1778603881969,BTCUSDT,80277.8,0.002,False
1778603881969,BTCUSDT,80277.9,0.001,False
1778603881969,BTCUSDT,80278.0,0.002,False
1778603881969,BTCUSDT,80278.1,0.001,False
1778603881969,BTCUSDT,80278.3,0.002,False
1778603881969,BTCUSDT,80278.4,0.001,False
1778603881969,BTCUSDT,80278.8,0.003,False
1778603881969,BTCUSDT,80279.0,0.006,False
1778603881969,BTCUSDT,80279.1,0.001,False
1778603881969,BTCUSDT,80279.2,0.001,False
1778603881969,BTCUSDT,80279.3,0.001,False
1778603881969,BTCUSDT,80279.5,0.02,False
1778603881983,BTCUSDT,80279.5,0.002,True
1778603881983,BTCUSDT,80279.5,0.002,True
1778603882297,BTCUSDT,80279.6,0.001,False
1778603882376,BTCUSDT,80279.5,0.001,True
1778603882695,BTCUSDT,80279.6,0.018,False
1778603883020,BTCUSDT,80279.6,0.093,False
1778603883167,BTCUSDT,80279.6,0.001,False
1778603883412,BTCUSDT,80279.6,0.003,False
1778603883417,BTCUSDT,80279.5,0.001,True
1778603883460,BTCUSDT,80279.6,0.001,False
1778603883460,BTCUSDT,80279.5,0.001,True
1778603883691,BTCUSDT,80279.5,0.001,True
1778603883691,BTCUSDT,80279.5,0.001,True
1778603884251,BTCUSDT,80279.6,0.074,False
1778603884463,BTCUSDT,80279.6,0.012,False
1778603884762,BTCUSDT,80279.6,0.17,False
1778603884789,BTCUSDT,80279.5,0.002,True
1778603884789,BTCUSDT,80279.5,0.002,True
1778603886329,BTCUSDT,80279.6,0.545,False
1778603886330,BTCUSDT,80279.7,0.003,False
1778603886330,BTCUSDT,80279.8,0.002,False
1778603886330,BTCUSDT,80280.0,0.003,False
1778603886330,BTCUSDT,80280.1,0.002,False
1778603886330,BTCUSDT,80280.4,0.001,False
1778603886330,BTCUSDT,80280.5,0.004,False
1778603886330,BTCUSDT,80280.9,0.001,False
1778603886330,BTCUSDT,80281.6,0.002,False
1778603886330,BTCUSDT,80281.7,0.001,False
1778603886330,BTCUSDT,80282.0,0.002,False
1778603886330,BTCUSDT,80282.3,0.001,False
1778603886330,BTCUSDT,80282.6,0.002,False
1778603886330,BTCUSDT,80282.7,0.001,False
1778603886330,BTCUSDT,80282.8,0.001,False
